"SPE号","ATM数据","百分比","适配层/百分比例","VPI/VCI","承载格式","协议/端口","比例","主要IP","主要用户"
"第1个STS SPE(45M)","有效数据","AAL数量: 89922465字节, 比例: 1.95%","AAL1数量: 43854592字节, 比例: 48.77%","0000: 2082","(2013-8-5)AAL1结构化24",""," 数量：689332224字节, 比例：32.75%","",""
"第1个STS SPE(45M)","有效数据","AAL数量: 89922465字节, 比例: 1.95%","AAL1数量: 43854592字节, 比例: 48.77%","0000: 48EB","(2013-8-5)AAL1的单时隙(带CAS)信号承载话音类型PCM U律",""," 数量：29881344字节, 比例：1.42%","",""
"第1个STS SPE(45M)","有效数据","AAL数量: 89922465字节, 比例: 1.95%","AAL1数量: 43854592字节, 比例: 48.77%","0000: 2080","(2013-8-5)AAL1结构化24",""," 数量：698029056字节, 比例：33.16%","",""
"第1个STS SPE(45M)","有效数据","AAL数量: 89922465字节, 比例: 1.95%","AAL1数量: 43854592字节, 比例: 48.77%","0000: 493B","(2013-8-5)AAL1的单时隙(带CAS)信号承载话音类型PCM U律",""," 数量：29896704字节, 比例：1.42%","",""
"第1个STS SPE(45M)","有效数据","AAL数量: 89922465字节, 比例: 1.95%","AAL1数量: 43854592字节, 比例: 48.77%","0000: 4952","(2013-8-5)AAL1的单时隙(带CAS)信号承载话音类型PCM U律",""," 数量：29896704字节, 比例：1.42%","",""
"第1个STS SPE(45M)","有效数据","AAL数量: 89922465字节, 比例: 1.95%","AAL1数量: 43854592字节, 比例: 48.77%","0000: 48DC","(2013-8-5)AAL1的单时隙(带CAS)信号承载话音类型PCM U律",""," 数量：29869056字节, 比例：1.42%","",""
"第1个STS SPE(45M)","有效数据","AAL数量: 89922465字节, 比例: 1.95%","AAL1数量: 43854592字节, 比例: 48.77%","0000: 4942","(2013-8-5)AAL1的单时隙(带CAS)信号承载话音类型PCM U律",""," 数量：29881344字节, 比例：1.42%","",""
"第1个STS SPE(45M)","有效数据","AAL数量: 89922465字节, 比例: 1.95%","AAL1数量: 43854592字节, 比例: 48.77%","0000: 48DF","(2013-8-5)AAL1的单时隙(带CAS)信号承载话音类型PCM U律",""," 数量：29896704字节, 比例：1.42%","",""
"第1个STS SPE(45M)","有效数据","AAL数量: 89922465字节, 比例: 1.95%","AAL1数量: 43854592字节, 比例: 48.77%","0000: 48DA","(2013-8-5)AAL1的单时隙(带CAS)信号承载话音类型PCM U律",""," 数量：29881344字节, 比例：1.42%","",""
"第1个STS SPE(45M)","有效数据","AAL数量: 89922465字节, 比例: 1.95%","AAL1数量: 43854592字节, 比例: 48.77%","0000: 48E7","(2013-8-5)AAL1的单时隙(带CAS)信号承载话音类型PCM U律",""," 数量：29878272字节, 比例：1.42%","",""
"第1个STS SPE(45M)","有效数据","AAL数量: 89922465字节, 比例: 1.95%","AAL1数量: 43854592字节, 比例: 48.77%","0000: 4940","(2013-8-5)AAL1的单时隙(带CAS)信号承载话音类型PCM U律",""," 数量：30163968字节, 比例：1.43%","",""
"第1个STS SPE(45M)","有效数据","AAL数量: 89922465字节, 比例: 1.95%","AAL1数量: 43854592字节, 比例: 48.77%","0000: 4939","(2013-8-5)AAL1的单时隙(带CAS)信号承载话音类型PCM U律",""," 数量：29875200字节, 比例：1.42%","",""
"第1个STS SPE(45M)","有效数据","AAL数量: 89922465字节, 比例: 1.95%","AAL1数量: 43854592字节, 比例: 48.77%","0000: 48EF","(2013-8-5)AAL1的单时隙(带CAS)信号承载话音类型PCM U律",""," 数量：29893632字节, 比例：1.42%","",""
"第1个STS SPE(45M)","有效数据","AAL数量: 89922465字节, 比例: 1.95%","AAL1数量: 43854592字节, 比例: 48.77%","0000: 48E5","(2013-8-5)AAL1的单时隙(带CAS)信号承载话音类型PCM U律",""," 数量：29859840字节, 比例：1.42%","",""
"第1个STS SPE(45M)","有效数据","AAL数量: 89922465字节, 比例: 1.95%","AAL1数量: 43854592字节, 比例: 48.77%","0000: 493C","(2013-8-5)AAL1的单时隙(带CAS)信号承载话音类型PCM U律",""," 数量：29890560字节, 比例：1.42%","",""
"第1个STS SPE(45M)","有效数据","AAL数量: 89922465字节, 比例: 1.95%","AAL1数量: 43854592字节, 比例: 48.77%","0000: 48ED","(2013-8-5)AAL1的单时隙(带CAS)信号承载话音类型PCM U律",""," 数量：29869056字节, 比例：1.42%","",""
"第1个STS SPE(45M)","有效数据","AAL数量: 89922465字节, 比例: 1.95%","AAL1数量: 43854592字节, 比例: 48.77%","0000: 48E1","(2013-8-5)AAL1的单时隙(带CAS)信号承载话音类型PCM U律",""," 数量：29869056字节, 比例：1.42%","",""
"第1个STS SPE(45M)","有效数据","AAL数量: 89922465字节, 比例: 1.95%","AAL1数量: 43854592字节, 比例: 48.77%","0000: 4948","(2013-8-5)AAL1的单时隙(带CAS)信号承载话音类型PCM U律",""," 数量：29865984字节, 比例：1.42%","",""
"第1个STS SPE(45M)","有效数据","AAL数量: 89922465字节, 比例: 1.95%","AAL1数量: 43854592字节, 比例: 48.77%","0000: 4951","(2013-8-5)AAL1的单时隙(带CAS)信号承载话音类型PCM U律",""," 数量：29853696字节, 比例：1.42%","",""
"第1个STS SPE(45M)","有效数据","AAL数量: 89922465字节, 比例: 1.95%","AAL1数量: 43854592字节, 比例: 48.77%","0000: 4936","(2013-8-5)AAL1的单时隙(带CAS)信号承载话音类型PCM U律",""," 数量：29881344字节, 比例：1.42%","",""
"第1个STS SPE(45M)","有效数据","AAL数量: 89922465字节, 比例: 1.95%","AAL1数量: 43854592字节, 比例: 48.77%","0000: 48E9","(2013-8-5)AAL1的单时隙(带CAS)信号承载话音类型PCM U律",""," 数量：29875200字节, 比例：1.42%","",""
"第1个STS SPE(45M)","有效数据","AAL数量: 89922465字节, 比例: 1.95%","AAL1数量: 43854592字节, 比例: 48.77%","0000: 493E","(2013-8-5)AAL1的单时隙(带CAS)信号承载话音类型PCM U律",""," 数量：29878272字节, 比例：1.42%","",""
"第1个STS SPE(45M)","有效数据","AAL数量: 89922465字节, 比例: 1.95%","AAL1数量: 43854592字节, 比例: 48.77%","0000: 48D7","(2013-8-5)AAL1的单时隙(带CAS)信号承载话音类型PCM U律",""," 数量：29856768字节, 比例：1.42%","",""
"第1个STS SPE(45M)","有效数据","AAL数量: 89922465字节, 比例: 1.95%","AAL1数量: 43854592字节, 比例: 48.77%","0000: 4950","(2013-8-5)AAL1的单时隙(带CAS)信号承载话音类型PCM U律",""," 数量：30197760字节, 比例：1.43%","",""
"第1个STS SPE(45M)","有效数据","AAL数量: 89922465字节, 比例: 1.95%","AAL1数量: 43854592字节, 比例: 48.77%","0000: 494F","(2013-8-5)AAL1的单时隙(带CAS)信号承载话音类型PCM U律",""," 数量：29869056字节, 比例：1.42%","",""
"第1个STS SPE(45M)","有效数据","AAL数量: 89922465字节, 比例: 1.95%","AAL1数量: 43854592字节, 比例: 48.77%","0000: 48E3","(2013-8-5)AAL1的单时隙(带CAS)信号承载话音类型PCM U律",""," 数量：29878272字节, 比例：1.42%","",""
"第1个STS SPE(45M)","有效数据","AAL数量: 89922465字节, 比例: 1.95%","AAL2数量: 45563336字节, 比例: 50.67%","0000: 3B51; CID编号: 11","(2013-8-5)标准AAL2; CID承载业务G729","","数量：4125046字节, 比例：0.19% ","",""
"第1个STS SPE(45M)","有效数据","AAL数量: 89922465字节, 比例: 1.95%","AAL2数量: 45563336字节, 比例: 50.67%","0000: 8675; CID编号: 11","(2013-8-5)标准AAL2; CID承载业务G711 PCM U律","","数量：26469048字节, 比例：1.21% ","",""
"第1个STS SPE(45M)","有效数据","AAL数量: 89922465字节, 比例: 1.95%","AAL2数量: 45563336字节, 比例: 50.67%","0000: 8675; CID编号: 12","(2013-8-5)标准AAL2; CID承载业务G711 PCM U律","","数量：26522116字节, 比例：1.21% ","",""
"第1个STS SPE(45M)","有效数据","AAL数量: 89922465字节, 比例: 1.95%","AAL2数量: 45563336字节, 比例: 50.67%","0000: 8675; CID编号: 13","(2013-8-5)标准AAL2; CID承载业务G711 PCM U律","","数量：26518556字节, 比例：1.21% ","",""
"第1个STS SPE(45M)","有效数据","AAL数量: 89922465字节, 比例: 1.95%","AAL2数量: 45563336字节, 比例: 50.67%","0000: 8675; CID编号: 14","(2013-8-5)标准AAL2; CID承载业务G711 PCM U律","","数量：26521968字节, 比例：1.21% ","",""
"第1个STS SPE(45M)","有效数据","AAL数量: 89922465字节, 比例: 1.95%","AAL2数量: 45563336字节, 比例: 50.67%","0000: 8675; CID编号: 15","(2013-8-5)标准AAL2; CID承载业务G711 PCM U律","","数量：26534872字节, 比例：1.21% ","",""
"第1个STS SPE(45M)","有效数据","AAL数量: 89922465字节, 比例: 1.95%","AAL2数量: 45563336字节, 比例: 50.67%","0000: 8675; CID编号: 16","(2013-8-5)标准AAL2; CID承载业务G711 PCM U律","","数量：26543692字节, 比例：1.21% ","",""
"第1个STS SPE(45M)","有效数据","AAL数量: 89922465字节, 比例: 1.95%","AAL2数量: 45563336字节, 比例: 50.67%","0000: 8675; CID编号: 17","(2013-8-5)标准AAL2; CID承载业务G711 PCM U律","","数量：25532204字节, 比例：1.17% ","",""
"第1个STS SPE(45M)","有效数据","AAL数量: 89922465字节, 比例: 1.95%","AAL2数量: 45563336字节, 比例: 50.67%","0000: 8675; CID编号: 18","(2013-8-5)标准AAL2; CID承载业务G711 PCM U律","","数量：26538160字节, 比例：1.21% ","",""
"第1个STS SPE(45M)","有效数据","AAL数量: 89922465字节, 比例: 1.95%","AAL2数量: 45563336字节, 比例: 50.67%","0000: 8675; CID编号: 19","(2013-8-5)标准AAL2; CID承载业务G711 PCM U律","","数量：26540648字节, 比例：1.21% ","",""
"第1个STS SPE(45M)","有效数据","AAL数量: 89922465字节, 比例: 1.95%","AAL2数量: 45563336字节, 比例: 50.67%","0000: 8675; CID编号: 20","(2013-8-5)标准AAL2; CID承载业务G711 PCM U律","","数量：26548584字节, 比例：1.21% ","",""
"第1个STS SPE(45M)","有效数据","AAL数量: 89922465字节, 比例: 1.95%","AAL2数量: 45563336字节, 比例: 50.67%","0000: 8675; CID编号: 21","(2013-8-5)标准AAL2; CID承载业务G711 PCM U律","","数量：26076960字节, 比例：1.19% ","",""
"第1个STS SPE(45M)","有效数据","AAL数量: 89922465字节, 比例: 1.95%","AAL2数量: 45563336字节, 比例: 50.67%","0000: 8675; CID编号: 22","(2013-8-5)标准AAL2; CID承载业务G711 PCM U律","","数量：26537560字节, 比例：1.21% ","",""
"第1个STS SPE(45M)","有效数据","AAL数量: 89922465字节, 比例: 1.95%","AAL2数量: 45563336字节, 比例: 50.67%","0000: 8675; CID编号: 23","(2013-8-5)标准AAL2; CID承载业务G711 PCM U律","","数量：26546332字节, 比例：1.21% ","",""
"第1个STS SPE(45M)","有效数据","AAL数量: 89922465字节, 比例: 1.95%","AAL2数量: 45563336字节, 比例: 50.67%","0000: 8675; CID编号: 24","(2013-8-5)标准AAL2; CID承载业务G711 PCM U律","","数量：26547464字节, 比例：1.21% ","",""
"第1个STS SPE(45M)","有效数据","AAL数量: 89922465字节, 比例: 1.95%","AAL2数量: 45563336字节, 比例: 50.67%","0000: 8675; CID编号: 25","(2013-8-5)标准AAL2; CID承载业务G711 PCM U律","","数量：26535064字节, 比例：1.21% ","",""
"第1个STS SPE(45M)","有效数据","AAL数量: 89922465字节, 比例: 1.95%","AAL2数量: 45563336字节, 比例: 50.67%","0000: 8675; CID编号: 26","(2013-8-5)标准AAL2; CID承载业务G711 PCM U律","","数量：26541020字节, 比例：1.21% ","",""
"第1个STS SPE(45M)","有效数据","AAL数量: 89922465字节, 比例: 1.95%","AAL2数量: 45563336字节, 比例: 50.67%","0000: 8675; CID编号: 27","(2013-8-5)标准AAL2; CID承载业务G711 PCM U律","","数量：26569264字节, 比例：1.21% ","",""
"第1个STS SPE(45M)","有效数据","AAL数量: 89922465字节, 比例: 1.95%","AAL2数量: 45563336字节, 比例: 50.67%","0000: 8675; CID编号: 28","(2013-8-5)标准AAL2; CID承载业务G711 PCM U律","","数量：26553076字节, 比例：1.21% ","",""
"第1个STS SPE(45M)","有效数据","AAL数量: 89922465字节, 比例: 1.95%","AAL2数量: 45563336字节, 比例: 50.67%","0000: 8675; CID编号: 29","(2013-8-5)标准AAL2; CID承载业务G711 PCM U律","","数量：26560592字节, 比例：1.21% ","",""
"第1个STS SPE(45M)","有效数据","AAL数量: 89922465字节, 比例: 1.95%","AAL2数量: 45563336字节, 比例: 50.67%","0000: 8675; CID编号: 30","(2013-8-5)标准AAL2; CID承载业务G711 PCM U律","","数量：26557940字节, 比例：1.21% ","",""
"第1个STS SPE(45M)","有效数据","AAL数量: 89922465字节, 比例: 1.95%","AAL2数量: 45563336字节, 比例: 50.67%","0000: 8675; CID编号: 31","(2013-8-5)标准AAL2; CID承载业务G711 PCM U律","","数量：26572204字节, 比例：1.21% ","",""
"第1个STS SPE(45M)","有效数据","AAL数量: 89922465字节, 比例: 1.95%","AAL2数量: 45563336字节, 比例: 50.67%","0000: 8675; CID编号: 32","(2013-8-5)标准AAL2; CID承载业务G711 PCM U律","","数量：26485832字节, 比例：1.21% ","",""
"第1个STS SPE(45M)","有效数据","AAL数量: 89922465字节, 比例: 1.95%","AAL2数量: 45563336字节, 比例: 50.67%","0000: 8675; CID编号: 33","(2013-8-5)标准AAL2; CID承载业务G711 PCM U律","","数量：26009992字节, 比例：1.19% ","",""
"第1个STS SPE(45M)","有效数据","AAL数量: 89922465字节, 比例: 1.95%","AAL2数量: 45563336字节, 比例: 50.67%","0000: 8675; CID编号: 34","(2013-8-5)标准AAL2; CID承载业务G711 PCM U律","","数量：26381280字节, 比例：1.21% ","",""
"第1个STS SPE(45M)","有效数据","AAL数量: 89922465字节, 比例: 1.95%","AAL2数量: 45563336字节, 比例: 50.67%","0000: 00F4; CID编号: 11","(2013-8-5)标准AAL2; CID承载业务G711 PCM U律","","数量：26544612字节, 比例：1.21% ","",""
"第1个STS SPE(45M)","有效数据","AAL数量: 89922465字节, 比例: 1.95%","AAL2数量: 45563336字节, 比例: 50.67%","0000: 4954; CID编号: 11","(2013-8-5)标准AAL2; CID承载业务G711 PCM U律","","数量：26496440字节, 比例：1.21% ","",""
"第1个STS SPE(45M)","有效数据","AAL数量: 89922465字节, 比例: 1.95%","AAL2数量: 45563336字节, 比例: 50.67%","0000: 4954; CID编号: 12","(2013-8-5)标准AAL2; CID承载业务G711 PCM U律","","数量：26516280字节, 比例：1.21% ","",""
"第1个STS SPE(45M)","有效数据","AAL数量: 89922465字节, 比例: 1.95%","AAL2数量: 45563336字节, 比例: 50.67%","0000: 4954; CID编号: 13","(2013-8-5)标准AAL2; CID承载业务G711 PCM U律","","数量：26519380字节, 比例：1.21% ","",""
"第1个STS SPE(45M)","有效数据","AAL数量: 89922465字节, 比例: 1.95%","AAL2数量: 45563336字节, 比例: 50.67%","0000: 4954; CID编号: 14","(2013-8-5)标准AAL2; CID承载业务G711 PCM U律","","数量：26513912字节, 比例：1.21% ","",""
"第1个STS SPE(45M)","有效数据","AAL数量: 89922465字节, 比例: 1.95%","AAL2数量: 45563336字节, 比例: 50.67%","0000: 4954; CID编号: 15","(2013-8-5)标准AAL2; CID承载业务G711 PCM U律","","数量：26535404字节, 比例：1.21% ","",""
"第1个STS SPE(45M)","有效数据","AAL数量: 89922465字节, 比例: 1.95%","AAL2数量: 45563336字节, 比例: 50.67%","0000: 4954; CID编号: 16","(2013-8-5)标准AAL2; CID承载业务G711 PCM U律","","数量：26541432字节, 比例：1.21% ","",""
"第1个STS SPE(45M)","有效数据","AAL数量: 89922465字节, 比例: 1.95%","AAL2数量: 45563336字节, 比例: 50.67%","0000: 4954; CID编号: 17","(2013-8-5)标准AAL2; CID承载业务G711 PCM U律","","数量：26552692字节, 比例：1.21% ","",""
"第1个STS SPE(45M)","有效数据","AAL数量: 89922465字节, 比例: 1.95%","AAL2数量: 45563336字节, 比例: 50.67%","0000: 4954; CID编号: 18","(2013-8-5)标准AAL2; CID承载业务G711 PCM U律","","数量：26537208字节, 比例：1.21% ","",""
"第1个STS SPE(45M)","有效数据","AAL数量: 89922465字节, 比例: 1.95%","AAL2数量: 45563336字节, 比例: 50.67%","0000: 4954; CID编号: 19","(2013-8-5)标准AAL2; CID承载业务G711 PCM U律","","数量：26536568字节, 比例：1.21% ","",""
"第1个STS SPE(45M)","有效数据","AAL数量: 89922465字节, 比例: 1.95%","AAL2数量: 45563336字节, 比例: 50.67%","0000: 4954; CID编号: 20","(2013-8-5)标准AAL2; CID承载业务G711 PCM U律","","数量：26537128字节, 比例：1.21% ","",""
"第1个STS SPE(45M)","有效数据","AAL数量: 89922465字节, 比例: 1.95%","AAL2数量: 45563336字节, 比例: 50.67%","0000: 4954; CID编号: 21","(2013-8-5)标准AAL2; CID承载业务G711 PCM U律","","数量：26546080字节, 比例：1.21% ","",""
"第1个STS SPE(45M)","有效数据","AAL数量: 89922465字节, 比例: 1.95%","AAL2数量: 45563336字节, 比例: 50.67%","0000: 4954; CID编号: 22","(2013-8-5)标准AAL2; CID承载业务G711 PCM U律","","数量：26551544字节, 比例：1.21% ","",""
"第1个STS SPE(45M)","有效数据","AAL数量: 89922465字节, 比例: 1.95%","AAL2数量: 45563336字节, 比例: 50.67%","0000: 4954; CID编号: 23","(2013-8-5)标准AAL2; CID承载业务G711 PCM U律","","数量：26538516字节, 比例：1.21% ","",""
"第1个STS SPE(45M)","有效数据","AAL数量: 89922465字节, 比例: 1.95%","AAL2数量: 45563336字节, 比例: 50.67%","0000: 4954; CID编号: 24","(2013-8-5)标准AAL2; CID承载业务G711 PCM U律","","数量：26536748字节, 比例：1.21% ","",""
"第1个STS SPE(45M)","有效数据","AAL数量: 89922465字节, 比例: 1.95%","AAL2数量: 45563336字节, 比例: 50.67%","0000: 4954; CID编号: 25","(2013-8-5)标准AAL2; CID承载业务G711 PCM U律","","数量：26539364字节, 比例：1.21% ","",""
"第1个STS SPE(45M)","有效数据","AAL数量: 89922465字节, 比例: 1.95%","AAL2数量: 45563336字节, 比例: 50.67%","0000: 4954; CID编号: 26","(2013-8-5)标准AAL2; CID承载业务G711 PCM U律","","数量：26555396字节, 比例：1.21% ","",""
"第1个STS SPE(45M)","有效数据","AAL数量: 89922465字节, 比例: 1.95%","AAL2数量: 45563336字节, 比例: 50.67%","0000: 4954; CID编号: 27","(2013-8-5)标准AAL2; CID承载业务G711 PCM U律","","数量：26564276字节, 比例：1.21% ","",""
"第1个STS SPE(45M)","有效数据","AAL数量: 89922465字节, 比例: 1.95%","AAL2数量: 45563336字节, 比例: 50.67%","0000: 4954; CID编号: 28","(2013-8-5)标准AAL2; CID承载业务G711 PCM U律","","数量：26563416字节, 比例：1.21% ","",""
"第1个STS SPE(45M)","有效数据","AAL数量: 89922465字节, 比例: 1.95%","AAL2数量: 45563336字节, 比例: 50.67%","0000: 4954; CID编号: 29","(2013-8-5)标准AAL2; CID承载业务G711 PCM U律","","数量：26572208字节, 比例：1.21% ","",""
"第1个STS SPE(45M)","有效数据","AAL数量: 89922465字节, 比例: 1.95%","AAL2数量: 45563336字节, 比例: 50.67%","0000: 4954; CID编号: 30","(2013-8-5)标准AAL2; CID承载业务G711 PCM U律","","数量：26571264字节, 比例：1.21% ","",""
"第1个STS SPE(45M)","有效数据","AAL数量: 89922465字节, 比例: 1.95%","AAL2数量: 45563336字节, 比例: 50.67%","0000: 4954; CID编号: 31","(2013-8-5)标准AAL2; CID承载业务G711 PCM U律","","数量：26559228字节, 比例：1.21% ","",""
"第1个STS SPE(45M)","有效数据","AAL数量: 89922465字节, 比例: 1.95%","AAL2数量: 45563336字节, 比例: 50.67%","0000: 4954; CID编号: 32","(2013-8-5)标准AAL2; CID承载业务G711 PCM U律","","数量：26489016字节, 比例：1.21% ","",""
"第1个STS SPE(45M)","有效数据","AAL数量: 89922465字节, 比例: 1.95%","AAL2数量: 45563336字节, 比例: 50.67%","0000: 4954; CID编号: 33","(2013-8-5)标准AAL2; CID承载业务G711 PCM U律","","数量：26471020字节, 比例：1.21% ","",""
"第1个STS SPE(45M)","有效数据","AAL数量: 89922465字节, 比例: 1.95%","AAL2数量: 45563336字节, 比例: 50.67%","0000: 4954; CID编号: 34","(2013-8-5)标准AAL2; CID承载业务G711 PCM U律","","数量：26474164字节, 比例：1.21% ","",""
"第1个STS SPE(45M)","有效数据","AAL数量: 89922465字节, 比例: 1.95%","AAL2数量: 45563336字节, 比例: 50.67%","0000: 495F; CID编号: 11","(2013-8-5)标准AAL2; CID承载业务G711 PCM U律","","数量：26486336字节, 比例：1.21% ","",""
"第1个STS SPE(45M)","有效数据","AAL数量: 89922465字节, 比例: 1.95%","AAL2数量: 45563336字节, 比例: 50.67%","0000: 495F; CID编号: 12","(2013-8-5)标准AAL2; CID承载业务G711 PCM U律","","数量：26514264字节, 比例：1.21% ","",""
"第1个STS SPE(45M)","有效数据","AAL数量: 89922465字节, 比例: 1.95%","AAL2数量: 45563336字节, 比例: 50.67%","0000: 495F; CID编号: 13","(2013-8-5)标准AAL2; CID承载业务G711 PCM U律","","数量：26524064字节, 比例：1.21% ","",""
"第1个STS SPE(45M)","有效数据","AAL数量: 89922465字节, 比例: 1.95%","AAL2数量: 45563336字节, 比例: 50.67%","0000: 495F; CID编号: 14","(2013-8-5)标准AAL2; CID承载业务G711 PCM U律","","数量：26522692字节, 比例：1.21% ","",""
"第1个STS SPE(45M)","有效数据","AAL数量: 89922465字节, 比例: 1.95%","AAL2数量: 45563336字节, 比例: 50.67%","0000: 495F; CID编号: 15","(2013-8-5)标准AAL2; CID承载业务G711 PCM U律","","数量：26546328字节, 比例：1.21% ","",""
"第1个STS SPE(45M)","有效数据","AAL数量: 89922465字节, 比例: 1.95%","AAL2数量: 45563336字节, 比例: 50.67%","0000: 495F; CID编号: 16","(2013-8-5)标准AAL2; CID承载业务G711 PCM U律","","数量：26534012字节, 比例：1.21% ","",""
"第1个STS SPE(45M)","有效数据","AAL数量: 89922465字节, 比例: 1.95%","AAL2数量: 45563336字节, 比例: 50.67%","0000: 495F; CID编号: 17","(2013-8-5)标准AAL2; CID承载业务G711 PCM U律","","数量：26532016字节, 比例：1.21% ","",""
"第1个STS SPE(45M)","有效数据","AAL数量: 89922465字节, 比例: 1.95%","AAL2数量: 45563336字节, 比例: 50.67%","0000: 495F; CID编号: 18","(2013-8-5)标准AAL2; CID承载业务G711 PCM U律","","数量：26537956字节, 比例：1.21% ","",""
"第1个STS SPE(45M)","有效数据","AAL数量: 89922465字节, 比例: 1.95%","AAL2数量: 45563336字节, 比例: 50.67%","0000: 495F; CID编号: 19","(2013-8-5)标准AAL2; CID承载业务G711 PCM U律","","数量：26548604字节, 比例：1.21% ","",""
"第1个STS SPE(45M)","有效数据","AAL数量: 89922465字节, 比例: 1.95%","AAL2数量: 45563336字节, 比例: 50.67%","0000: 495F; CID编号: 20","(2013-8-5)标准AAL2; CID承载业务G711 PCM U律","","数量：26527748字节, 比例：1.21% ","",""
"第1个STS SPE(45M)","有效数据","AAL数量: 89922465字节, 比例: 1.95%","AAL2数量: 45563336字节, 比例: 50.67%","0000: 495F; CID编号: 21","(2013-8-5)标准AAL2; CID承载业务G711 PCM U律","","数量：26544260字节, 比例：1.21% ","",""
"第1个STS SPE(45M)","有效数据","AAL数量: 89922465字节, 比例: 1.95%","AAL2数量: 45563336字节, 比例: 50.67%","0000: 495F; CID编号: 22","(2013-8-5)标准AAL2; CID承载业务G711 PCM U律","","数量：26538676字节, 比例：1.21% ","",""
"第1个STS SPE(45M)","有效数据","AAL数量: 89922465字节, 比例: 1.95%","AAL2数量: 45563336字节, 比例: 50.67%","0000: 495F; CID编号: 23","(2013-8-5)标准AAL2; CID承载业务G711 PCM U律","","数量：26538812字节, 比例：1.21% ","",""
"第1个STS SPE(45M)","有效数据","AAL数量: 89922465字节, 比例: 1.95%","AAL2数量: 45563336字节, 比例: 50.67%","0000: 495F; CID编号: 24","(2013-8-5)标准AAL2; CID承载业务G711 PCM U律","","数量：26541228字节, 比例：1.21% ","",""
"第1个STS SPE(45M)","有效数据","AAL数量: 89922465字节, 比例: 1.95%","AAL2数量: 45563336字节, 比例: 50.67%","0000: 495F; CID编号: 25","(2013-8-5)标准AAL2; CID承载业务G711 PCM U律","","数量：26537356字节, 比例：1.21% ","",""
"第1个STS SPE(45M)","有效数据","AAL数量: 89922465字节, 比例: 1.95%","AAL2数量: 45563336字节, 比例: 50.67%","0000: 495F; CID编号: 26","(2013-8-5)标准AAL2; CID承载业务G711 PCM U律","","数量：26547000字节, 比例：1.21% ","",""
"第1个STS SPE(45M)","有效数据","AAL数量: 89922465字节, 比例: 1.95%","AAL2数量: 45563336字节, 比例: 50.67%","0000: 495F; CID编号: 27","(2013-8-5)标准AAL2; CID承载业务G711 PCM U律","","数量：26561000字节, 比例：1.21% ","",""
"第1个STS SPE(45M)","有效数据","AAL数量: 89922465字节, 比例: 1.95%","AAL2数量: 45563336字节, 比例: 50.67%","0000: 495F; CID编号: 28","(2013-8-5)标准AAL2; CID承载业务G711 PCM U律","","数量：26570200字节, 比例：1.21% ","",""
"第1个STS SPE(45M)","有效数据","AAL数量: 89922465字节, 比例: 1.95%","AAL2数量: 45563336字节, 比例: 50.67%","0000: 495F; CID编号: 29","(2013-8-5)标准AAL2; CID承载业务G711 PCM U律","","数量：26559324字节, 比例：1.21% ","",""
"第1个STS SPE(45M)","有效数据","AAL数量: 89922465字节, 比例: 1.95%","AAL2数量: 45563336字节, 比例: 50.67%","0000: 495F; CID编号: 30","(2013-8-5)标准AAL2; CID承载业务G711 PCM U律","","数量：26565732字节, 比例：1.21% ","",""
"第1个STS SPE(45M)","有效数据","AAL数量: 89922465字节, 比例: 1.95%","AAL2数量: 45563336字节, 比例: 50.67%","0000: 495F; CID编号: 31","(2013-8-5)标准AAL2; CID承载业务G711 PCM U律","","数量：26560804字节, 比例：1.21% ","",""
"第1个STS SPE(45M)","有效数据","AAL数量: 89922465字节, 比例: 1.95%","AAL2数量: 45563336字节, 比例: 50.67%","0000: 495F; CID编号: 32","(2013-8-5)标准AAL2; CID承载业务G711 PCM U律","","数量：26496304字节, 比例：1.21% ","",""
"第1个STS SPE(45M)","有效数据","AAL数量: 89922465字节, 比例: 1.95%","AAL2数量: 45563336字节, 比例: 50.67%","0000: 495F; CID编号: 33","(2013-8-5)标准AAL2; CID承载业务G711 PCM U律","","数量：26479344字节, 比例：1.21% ","",""
"第1个STS SPE(45M)","有效数据","AAL数量: 89922465字节, 比例: 1.95%","AAL2数量: 45563336字节, 比例: 50.67%","0000: 495F; CID编号: 34","(2013-8-5)标准AAL2; CID承载业务G711 PCM U律","","数量：26470232字节, 比例：1.21% ","",""
"第1个STS SPE(45M)","有效数据","AAL数量: 89922465字节, 比例: 1.95%","AAL2数量: 45563336字节, 比例: 50.67%","0000: 00F5; CID编号: 11","(2013-8-5)标准AAL2; CID承载业务G711 PCM U律","","数量：26545964字节, 比例：1.21% ","",""
"第1个STS SPE(45M)","有效数据","AAL数量: 89922465字节, 比例: 1.95%","AAL2数量: 45563336字节, 比例: 50.67%","0000: 4955; CID编号: 11","(2013-8-5)标准AAL2; CID承载业务G711 PCM U律","","数量：26420804字节, 比例：1.21% ","",""
"第1个STS SPE(45M)","有效数据","AAL数量: 89922465字节, 比例: 1.95%","AAL2数量: 45563336字节, 比例: 50.67%","0000: DE7E; CID编号: 11","(2013-8-5)标准AAL2; CID承载业务G729","","数量：4125778字节, 比例：0.19% ","",""
"第1个STS SPE(45M)","有效数据","AAL数量: 89922465字节, 比例: 1.95%","AAL2数量: 45563336字节, 比例: 50.67%","0000: DE7F; CID编号: 11","(2013-8-5)标准AAL2; CID承载业务G729","","数量：4127674字节, 比例：0.19% ","",""
"第1个STS SPE(45M)","有效数据","AAL数量: 89922465字节, 比例: 1.95%","AAL2数量: 45563336字节, 比例: 50.67%","0000: 4C81; CID编号: 11","(2013-8-5)标准AAL2; CID承载业务G729","","数量：4123572字节, 比例：0.19% ","",""
"第1个STS SPE(45M)","有效数据","AAL数量: 89922465字节, 比例: 1.95%","AAL2数量: 45563336字节, 比例: 50.67%","0000: 4949; CID编号: 11","(2013-8-5)标准AAL2; CID承载业务G729","","数量：4125052字节, 比例：0.19% ","",""
"第1个STS SPE(45M)","有效数据","AAL数量: 89922465字节, 比例: 1.95%","AAL2数量: 45563336字节, 比例: 50.67%","0000: 1766; CID编号: 11","(2013-8-5)标准AAL2; CID承载业务G729","","数量：4128238字节, 比例：0.19% ","",""
"第1个STS SPE(45M)","有效数据","AAL数量: 89922465字节, 比例: 1.95%","AAL2数量: 45563336字节, 比例: 50.67%","0000: 0710; CID编号: 11","(2013-8-5)标准AAL2; CID承载业务G729","","数量：4141084字节, 比例：0.19% ","",""
"第1个STS SPE(45M)","有效数据","AAL数量: 89922465字节, 比例: 1.95%","AAL2数量: 45563336字节, 比例: 50.67%","0000: 4958; CID编号: 11","(2013-8-5)标准AAL2; CID承载业务G729","","数量：4127326字节, 比例：0.19% ","",""
"第1个STS SPE(45M)","有效数据","AAL数量: 89922465字节, 比例: 1.95%","AAL2数量: 45563336字节, 比例: 50.67%","0000: 4AE4; CID编号: 11","(2013-8-5)标准AAL2; CID承载业务G729","","数量：4127438字节, 比例：0.19% ","",""
"第1个STS SPE(45M)","有效数据","AAL数量: 89922465字节, 比例: 1.95%","AAL2数量: 45563336字节, 比例: 50.67%","0000: 3B4F; CID编号: 11","(2013-8-5)标准AAL2; CID承载业务G729","","数量：4124790字节, 比例：0.19% ","",""
"第1个STS SPE(45M)","有效数据","AAL数量: 89922465字节, 比例: 1.95%","AAL2数量: 45563336字节, 比例: 50.67%","0000: 79C3; CID编号: 11","(2013-8-5)标准AAL2; CID承载业务G729","","数量：4126078字节, 比例：0.19% ","",""
"第1个STS SPE(45M)","有效数据","AAL数量: 89922465字节, 比例: 1.95%","AAL2数量: 45563336字节, 比例: 50.67%","0000: 002F; CID编号: 11","(2013-8-5)标准AAL2; CID承载业务G729","","数量：4137168字节, 比例：0.19% ","",""
"第1个STS SPE(45M)","有效数据","AAL数量: 89922465字节, 比例: 1.95%","AAL2数量: 45563336字节, 比例: 50.67%","0000: 79C6; CID编号: 11","(2013-8-5)标准AAL2; CID承载业务G729","","数量：4125834字节, 比例：0.19% ","",""
"第1个STS SPE(45M)","有效数据","AAL数量: 89922465字节, 比例: 1.95%","AAL2数量: 45563336字节, 比例: 50.67%","0000: 1768; CID编号: 11","(2013-8-5)标准AAL2; CID承载业务G729","","数量：4127456字节, 比例：0.19% ","",""
"第1个STS SPE(45M)","有效数据","AAL数量: 89922465字节, 比例: 1.95%","AAL2数量: 45563336字节, 比例: 50.67%","0000: 79C9; CID编号: 11","(2013-8-5)标准AAL2; CID承载业务G729","","数量：4128934字节, 比例：0.19% ","",""
"第1个STS SPE(45M)","有效数据","AAL数量: 89922465字节, 比例: 1.95%","AAL2数量: 45563336字节, 比例: 50.67%","0000: 4959; CID编号: 11","(2013-8-5)标准AAL2; CID承载业务G729","","数量：4123756字节, 比例：0.19% ","",""
"第1个STS SPE(45M)","有效数据","AAL数量: 89922465字节, 比例: 1.95%","AAL2数量: 45563336字节, 比例: 50.67%","0000: 79C7; CID编号: 11","(2013-8-5)标准AAL2; CID承载业务G729","","数量：4122252字节, 比例：0.19% ","",""
"第1个STS SPE(45M)","有效数据","AAL数量: 89922465字节, 比例: 1.95%","AAL2数量: 45563336字节, 比例: 50.67%","0000: 495B; CID编号: 11","(2013-8-5)标准AAL2; CID承载业务G729","","数量：4127416字节, 比例：0.19% ","",""
"第1个STS SPE(45M)","有效数据","AAL数量: 89922465字节, 比例: 1.95%","AAL2数量: 45563336字节, 比例: 50.67%","0000: 0DC1; CID编号: 11","(2013-8-5)标准AAL2; CID承载业务G729","","数量：4138632字节, 比例：0.19% ","",""
"第1个STS SPE(45M)","有效数据","AAL数量: 89922465字节, 比例: 1.95%","AAL2数量: 45563336字节, 比例: 50.67%","0000: 3B4E; CID编号: 11","(2013-8-5)标准AAL2; CID承载业务G729","","数量：4121872字节, 比例：0.19% ","",""
"第1个STS SPE(45M)","有效数据","AAL数量: 89922465字节, 比例: 1.95%","AAL2数量: 45563336字节, 比例: 50.67%","0000: 8ABC; CID编号: 11","(2013-8-5)标准AAL2; CID承载业务G729","","数量：4131718字节, 比例：0.19% ","",""
"第1个STS SPE(45M)","有效数据","AAL数量: 89922465字节, 比例: 1.95%","AAL2数量: 45563336字节, 比例: 50.67%","0000: 79C4; CID编号: 11","(2013-8-5)标准AAL2; CID承载业务G729","","数量：4123560字节, 比例：0.19% ","",""
"第1个STS SPE(45M)","有效数据","AAL数量: 89922465字节, 比例: 1.95%","AAL2数量: 45563336字节, 比例: 50.67%","0000: 4956; CID编号: 11","(2013-8-5)标准AAL2; CID承载业务G729","","数量：4126346字节, 比例：0.19% ","",""
"第1个STS SPE(45M)","有效数据","AAL数量: 89922465字节, 比例: 1.95%","AAL2数量: 45563336字节, 比例: 50.67%","0000: 79CB; CID编号: 11","(2013-8-5)标准AAL2; CID承载业务G729","","数量：4126538字节, 比例：0.19% ","",""
"第1个STS SPE(45M)","有效数据","AAL数量: 89922465字节, 比例: 1.95%","AAL2数量: 45563336字节, 比例: 50.67%","0000: 79C2; CID编号: 11","(2013-8-5)标准AAL2; CID承载业务G729","","数量：4128944字节, 比例：0.19% ","",""
"第1个STS SPE(45M)","有效数据","AAL数量: 89922465字节, 比例: 1.95%","AAL2数量: 45563336字节, 比例: 50.67%","0000: 4AD4; CID编号: 11","(2013-8-5)标准AAL2; CID承载业务G729","","数量：4129448字节, 比例：0.19% ","",""
"第1个STS SPE(45M)","有效数据","AAL数量: 89922465字节, 比例: 1.95%","AAL2数量: 45563336字节, 比例: 50.67%","0000: 495A; CID编号: 11","(2013-8-5)标准AAL2; CID承载业务G729","","数量：4129068字节, 比例：0.19% ","",""
"第1个STS SPE(45M)","有效数据","AAL数量: 89922465字节, 比例: 1.95%","AAL2数量: 45563336字节, 比例: 50.67%","0000: 3B50; CID编号: 11","(2013-8-5)标准AAL2; CID承载业务G729","","数量：4139388字节, 比例：0.19% ","",""
"第1个STS SPE(45M)","有效数据","AAL数量: 89922465字节, 比例: 1.95%","AAL2数量: 45563336字节, 比例: 50.67%","0000: 4957; CID编号: 11","(2013-8-5)标准AAL2; CID承载业务G729","","数量：4121502字节, 比例：0.19% ","",""
"第1个STS SPE(45M)","有效数据","AAL数量: 89922465字节, 比例: 1.95%","AAL2数量: 45563336字节, 比例: 50.67%","0000: 004C; CID编号: 11","(2013-8-5)标准AAL2; CID承载业务G729","","数量：4140512字节, 比例：0.19% ","",""
"第1个STS SPE(45M)","有效数据","AAL数量: 89922465字节, 比例: 1.95%","AAL2数量: 45563336字节, 比例: 50.67%","0000: 79C1; CID编号: 11","(2013-8-5)标准AAL2; CID承载业务G729","","数量：4123336字节, 比例：0.19% ","",""
"第1个STS SPE(45M)","有效数据","AAL数量: 89922465字节, 比例: 1.95%","AAL2数量: 45563336字节, 比例: 50.67%","0000: 4AD5; CID编号: 11","(2013-8-5)标准AAL2; CID承载业务G729","","数量：4126058字节, 比例：0.19% ","",""
"第1个STS SPE(45M)","有效数据","AAL数量: 89922465字节, 比例: 1.95%","AAL2数量: 45563336字节, 比例: 50.67%","0000: DE80; CID编号: 11","(2013-8-5)标准AAL2; CID承载业务G729","","数量：4135000字节, 比例：0.19% ","",""
"第1个STS SPE(45M)","有效数据","AAL数量: 89922465字节, 比例: 1.95%","AAL2数量: 45563336字节, 比例: 50.67%","0000: 494A; CID编号: 11","(2013-8-5)标准AAL2; CID承载业务G729","","数量：4128882字节, 比例：0.19% ","",""
"第1个STS SPE(45M)","有效数据","AAL数量: 89922465字节, 比例: 1.95%","AAL5数量: 504537字节, 比例: 0.56%","0000: FFFF","(2013-8-5)AAL5 IP",""," 数量：24217776字节, 比例：100.00%","",""
"第1个STS SPE(45M)","空信元","空信元数量: 239968501字节, 比例: 5.19%","","","","","","",""
"第1个STS SPE(45M)","无效数据","其他元数量: 4290301786字节, 比例: 92.86%","","","","","","",""
"第2个STS SPE(45M)","有效数据","AAL数量: 53982064字节, 比例: 16.44%","AAL2数量: 52284372字节, 比例: 96.86%","0000: 623C; CID编号: 11","(2013-8-5)标准AAL2; CID承载业务G711 PCM U律","","数量：26676052字节, 比例：1.06% ","",""
"第2个STS SPE(45M)","有效数据","AAL数量: 53982064字节, 比例: 16.44%","AAL2数量: 52284372字节, 比例: 96.86%","0000: 623C; CID编号: 12","(2013-8-5)标准AAL2; CID承载业务G711PCM A律","","数量：26688816字节, 比例：1.06% ","",""
"第2个STS SPE(45M)","有效数据","AAL数量: 53982064字节, 比例: 16.44%","AAL2数量: 52284372字节, 比例: 96.86%","0000: 623C; CID编号: 13","(2013-8-5)标准AAL2; CID承载业务G711 PCM U律","","数量：26694652字节, 比例：1.06% ","",""
"第2个STS SPE(45M)","有效数据","AAL数量: 53982064字节, 比例: 16.44%","AAL2数量: 52284372字节, 比例: 96.86%","0000: 623C; CID编号: 14","(2013-8-5)标准AAL2; CID承载业务G711 PCM U律","","数量：26689220字节, 比例：1.06% ","",""
"第2个STS SPE(45M)","有效数据","AAL数量: 53982064字节, 比例: 16.44%","AAL2数量: 52284372字节, 比例: 96.86%","0000: 623C; CID编号: 15","(2013-8-5)标准AAL2; CID承载业务G711 PCM U律","","数量：26718468字节, 比例：1.06% ","",""
"第2个STS SPE(45M)","有效数据","AAL数量: 53982064字节, 比例: 16.44%","AAL2数量: 52284372字节, 比例: 96.86%","0000: 623C; CID编号: 16","(2013-8-5)标准AAL2; CID承载业务G711 PCM U律","","数量：26709872字节, 比例：1.06% ","",""
"第2个STS SPE(45M)","有效数据","AAL数量: 53982064字节, 比例: 16.44%","AAL2数量: 52284372字节, 比例: 96.86%","0000: 623C; CID编号: 17","(2013-8-5)标准AAL2; CID承载业务G711 PCM U律","","数量：26733132字节, 比例：1.07% ","",""
"第2个STS SPE(45M)","有效数据","AAL数量: 53982064字节, 比例: 16.44%","AAL2数量: 52284372字节, 比例: 96.86%","0000: 623C; CID编号: 18","(2013-8-5)标准AAL2; CID承载业务G711 PCM U律","","数量：26722336字节, 比例：1.06% ","",""
"第2个STS SPE(45M)","有效数据","AAL数量: 53982064字节, 比例: 16.44%","AAL2数量: 52284372字节, 比例: 96.86%","0000: 623C; CID编号: 19","(2013-8-5)标准AAL2; CID承载业务G711 PCM U律","","数量：26714740字节, 比例：1.06% ","",""
"第2个STS SPE(45M)","有效数据","AAL数量: 53982064字节, 比例: 16.44%","AAL2数量: 52284372字节, 比例: 96.86%","0000: 623C; CID编号: 20","(2013-8-5)标准AAL2; CID承载业务G711 PCM U律","","数量：26700540字节, 比例：1.06% ","",""
"第2个STS SPE(45M)","有效数据","AAL数量: 53982064字节, 比例: 16.44%","AAL2数量: 52284372字节, 比例: 96.86%","0000: 623C; CID编号: 21","(2013-8-5)标准AAL2; CID承载业务G711 PCM U律","","数量：26713540字节, 比例：1.06% ","",""
"第2个STS SPE(45M)","有效数据","AAL数量: 53982064字节, 比例: 16.44%","AAL2数量: 52284372字节, 比例: 96.86%","0000: 623C; CID编号: 22","(2013-8-5)标准AAL2; CID承载业务G711 PCM U律","","数量：26711200字节, 比例：1.06% ","",""
"第2个STS SPE(45M)","有效数据","AAL数量: 53982064字节, 比例: 16.44%","AAL2数量: 52284372字节, 比例: 96.86%","0000: 623C; CID编号: 23","(2013-8-5)标准AAL2; CID承载业务G711 PCM U律","","数量：26720488字节, 比例：1.06% ","",""
"第2个STS SPE(45M)","有效数据","AAL数量: 53982064字节, 比例: 16.44%","AAL2数量: 52284372字节, 比例: 96.86%","0000: 623C; CID编号: 24","(2013-8-5)标准AAL2; CID承载业务G711 PCM U律","","数量：26717428字节, 比例：1.06% ","",""
"第2个STS SPE(45M)","有效数据","AAL数量: 53982064字节, 比例: 16.44%","AAL2数量: 52284372字节, 比例: 96.86%","0000: 623C; CID编号: 25","(2013-8-5)标准AAL2; CID承载业务G711 PCM U律","","数量：26706584字节, 比例：1.06% ","",""
"第2个STS SPE(45M)","有效数据","AAL数量: 53982064字节, 比例: 16.44%","AAL2数量: 52284372字节, 比例: 96.86%","0000: 623C; CID编号: 26","(2013-8-5)标准AAL2; CID承载业务G711 PCM U律","","数量：26720124字节, 比例：1.06% ","",""
"第2个STS SPE(45M)","有效数据","AAL数量: 53982064字节, 比例: 16.44%","AAL2数量: 52284372字节, 比例: 96.86%","0000: 623C; CID编号: 27","(2013-8-5)标准AAL2; CID承载业务G711 PCM U律","","数量：26742436字节, 比例：1.07% ","",""
"第2个STS SPE(45M)","有效数据","AAL数量: 53982064字节, 比例: 16.44%","AAL2数量: 52284372字节, 比例: 96.86%","0000: 623C; CID编号: 28","(2013-8-5)标准AAL2; CID承载业务G711 PCM U律","","数量：26744812字节, 比例：1.07% ","",""
"第2个STS SPE(45M)","有效数据","AAL数量: 53982064字节, 比例: 16.44%","AAL2数量: 52284372字节, 比例: 96.86%","0000: 623C; CID编号: 29","(2013-8-5)标准AAL2; CID承载业务G711 PCM U律","","数量：26743684字节, 比例：1.07% ","",""
"第2个STS SPE(45M)","有效数据","AAL数量: 53982064字节, 比例: 16.44%","AAL2数量: 52284372字节, 比例: 96.86%","0000: 623C; CID编号: 30","(2013-8-5)标准AAL2; CID承载业务G711 PCM U律","","数量：26750372字节, 比例：1.07% ","",""
"第2个STS SPE(45M)","有效数据","AAL数量: 53982064字节, 比例: 16.44%","AAL2数量: 52284372字节, 比例: 96.86%","0000: 623C; CID编号: 31","(2013-8-5)标准AAL2; CID承载业务G711 PCM U律","","数量：26735336字节, 比例：1.07% ","",""
"第2个STS SPE(45M)","有效数据","AAL数量: 53982064字节, 比例: 16.44%","AAL2数量: 52284372字节, 比例: 96.86%","0000: 623C; CID编号: 32","(2013-8-5)标准AAL2; CID承载业务G711 PCM U律","","数量：26673864字节, 比例：1.06% ","",""
"第2个STS SPE(45M)","有效数据","AAL数量: 53982064字节, 比例: 16.44%","AAL2数量: 52284372字节, 比例: 96.86%","0000: 623C; CID编号: 33","(2013-8-5)标准AAL2; CID承载业务G711 PCM U律","","数量：26641636字节, 比例：1.06% ","",""
"第2个STS SPE(45M)","有效数据","AAL数量: 53982064字节, 比例: 16.44%","AAL2数量: 52284372字节, 比例: 96.86%","0000: 623C; CID编号: 34","(2013-8-5)标准AAL2; CID承载业务G711 PCM U律","","数量：26649752字节, 比例：1.06% ","",""
"第2个STS SPE(45M)","有效数据","AAL数量: 53982064字节, 比例: 16.44%","AAL2数量: 52284372字节, 比例: 96.86%","0000: CB0E; CID编号: 11","(2013-8-5)标准AAL2; CID承载业务G711 PCM U律","","数量：26603788字节, 比例：1.06% ","",""
"第2个STS SPE(45M)","有效数据","AAL数量: 53982064字节, 比例: 16.44%","AAL2数量: 52284372字节, 比例: 96.86%","0000: CAFC; CID编号: 11","(2013-8-5)标准AAL2; CID承载业务G711 PCM U律","","数量：26671956字节, 比例：1.06% ","",""
"第2个STS SPE(45M)","有效数据","AAL数量: 53982064字节, 比例: 16.44%","AAL2数量: 52284372字节, 比例: 96.86%","0000: CAFC; CID编号: 12","(2013-8-5)标准AAL2; CID承载业务G711 PCM U律","","数量：26693996字节, 比例：1.06% ","",""
"第2个STS SPE(45M)","有效数据","AAL数量: 53982064字节, 比例: 16.44%","AAL2数量: 52284372字节, 比例: 96.86%","0000: CAFC; CID编号: 13","(2013-8-5)标准AAL2; CID承载业务G711 PCM U律","","数量：26699536字节, 比例：1.06% ","",""
"第2个STS SPE(45M)","有效数据","AAL数量: 53982064字节, 比例: 16.44%","AAL2数量: 52284372字节, 比例: 96.86%","0000: CAFC; CID编号: 14","(2013-8-5)标准AAL2; CID承载业务G711 PCM U律","","数量：26695740字节, 比例：1.06% ","",""
"第2个STS SPE(45M)","有效数据","AAL数量: 53982064字节, 比例: 16.44%","AAL2数量: 52284372字节, 比例: 96.86%","0000: CAFC; CID编号: 15","(2013-8-5)标准AAL2; CID承载业务G711 PCM U律","","数量：26712540字节, 比例：1.06% ","",""
"第2个STS SPE(45M)","有效数据","AAL数量: 53982064字节, 比例: 16.44%","AAL2数量: 52284372字节, 比例: 96.86%","0000: CAFC; CID编号: 16","(2013-8-5)标准AAL2; CID承载业务G711 PCM U律","","数量：26710340字节, 比例：1.06% ","",""
"第2个STS SPE(45M)","有效数据","AAL数量: 53982064字节, 比例: 16.44%","AAL2数量: 52284372字节, 比例: 96.86%","0000: CAFC; CID编号: 17","(2013-8-5)标准AAL2; CID承载业务G711 PCM U律","","数量：26717844字节, 比例：1.06% ","",""
"第2个STS SPE(45M)","有效数据","AAL数量: 53982064字节, 比例: 16.44%","AAL2数量: 52284372字节, 比例: 96.86%","0000: CAFC; CID编号: 18","(2013-8-5)标准AAL2; CID承载业务G711 PCM U律","","数量：26715180字节, 比例：1.06% ","",""
"第2个STS SPE(45M)","有效数据","AAL数量: 53982064字节, 比例: 16.44%","AAL2数量: 52284372字节, 比例: 96.86%","0000: CAFC; CID编号: 19","(2013-8-5)标准AAL2; CID承载业务G711 PCM U律","","数量：26713840字节, 比例：1.06% ","",""
"第2个STS SPE(45M)","有效数据","AAL数量: 53982064字节, 比例: 16.44%","AAL2数量: 52284372字节, 比例: 96.86%","0000: CAFC; CID编号: 20","(2013-8-5)标准AAL2; CID承载业务G711 PCM U律","","数量：26708616字节, 比例：1.06% ","",""
"第2个STS SPE(45M)","有效数据","AAL数量: 53982064字节, 比例: 16.44%","AAL2数量: 52284372字节, 比例: 96.86%","0000: CAFC; CID编号: 21","(2013-8-5)标准AAL2; CID承载业务G711 PCM U律","","数量：26722616字节, 比例：1.06% ","",""
"第2个STS SPE(45M)","有效数据","AAL数量: 53982064字节, 比例: 16.44%","AAL2数量: 52284372字节, 比例: 96.86%","0000: CAFC; CID编号: 22","(2013-8-5)标准AAL2; CID承载业务G711 PCM U律","","数量：26719812字节, 比例：1.06% ","",""
"第2个STS SPE(45M)","有效数据","AAL数量: 53982064字节, 比例: 16.44%","AAL2数量: 52284372字节, 比例: 96.86%","0000: CAFC; CID编号: 23","(2013-8-5)标准AAL2; CID承载业务G711 PCM U律","","数量：26725840字节, 比例：1.06% ","",""
"第2个STS SPE(45M)","有效数据","AAL数量: 53982064字节, 比例: 16.44%","AAL2数量: 52284372字节, 比例: 96.86%","0000: CAFC; CID编号: 24","(2013-8-5)标准AAL2; CID承载业务G711 PCM U律","","数量：26719128字节, 比例：1.06% ","",""
"第2个STS SPE(45M)","有效数据","AAL数量: 53982064字节, 比例: 16.44%","AAL2数量: 52284372字节, 比例: 96.86%","0000: CAFC; CID编号: 25","(2013-8-5)标准AAL2; CID承载业务G711 PCM U律","","数量：26702992字节, 比例：1.06% ","",""
"第2个STS SPE(45M)","有效数据","AAL数量: 53982064字节, 比例: 16.44%","AAL2数量: 52284372字节, 比例: 96.86%","0000: CAFC; CID编号: 26","(2013-8-5)标准AAL2; CID承载业务G711 PCM U律","","数量：26716324字节, 比例：1.06% ","",""
"第2个STS SPE(45M)","有效数据","AAL数量: 53982064字节, 比例: 16.44%","AAL2数量: 52284372字节, 比例: 96.86%","0000: CAFC; CID编号: 27","(2013-8-5)标准AAL2; CID承载业务G711 PCM U律","","数量：26744936字节, 比例：1.07% ","",""
"第2个STS SPE(45M)","有效数据","AAL数量: 53982064字节, 比例: 16.44%","AAL2数量: 52284372字节, 比例: 96.86%","0000: CAFC; CID编号: 28","(2013-8-5)标准AAL2; CID承载业务G711 PCM U律","","数量：26749404字节, 比例：1.07% ","",""
"第2个STS SPE(45M)","有效数据","AAL数量: 53982064字节, 比例: 16.44%","AAL2数量: 52284372字节, 比例: 96.86%","0000: CAFC; CID编号: 29","(2013-8-5)标准AAL2; CID承载业务G711 PCM U律","","数量：26734728字节, 比例：1.07% ","",""
"第2个STS SPE(45M)","有效数据","AAL数量: 53982064字节, 比例: 16.44%","AAL2数量: 52284372字节, 比例: 96.86%","0000: CAFC; CID编号: 30","(2013-8-5)标准AAL2; CID承载业务G711 PCM U律","","数量：26730940字节, 比例：1.07% ","",""
"第2个STS SPE(45M)","有效数据","AAL数量: 53982064字节, 比例: 16.44%","AAL2数量: 52284372字节, 比例: 96.86%","0000: CAFC; CID编号: 31","(2013-8-5)标准AAL2; CID承载业务G711 PCM U律","","数量：26741772字节, 比例：1.07% ","",""
"第2个STS SPE(45M)","有效数据","AAL数量: 53982064字节, 比例: 16.44%","AAL2数量: 52284372字节, 比例: 96.86%","0000: CAFC; CID编号: 32","(2013-8-5)标准AAL2; CID承载业务G711 PCM U律","","数量：26664396字节, 比例：1.06% ","",""
"第2个STS SPE(45M)","有效数据","AAL数量: 53982064字节, 比例: 16.44%","AAL2数量: 52284372字节, 比例: 96.86%","0000: CAFC; CID编号: 33","(2013-8-5)标准AAL2; CID承载业务G711 PCM U律","","数量：26647180字节, 比例：1.06% ","",""
"第2个STS SPE(45M)","有效数据","AAL数量: 53982064字节, 比例: 16.44%","AAL2数量: 52284372字节, 比例: 96.86%","0000: CAFC; CID编号: 34","(2013-8-5)标准AAL2; CID承载业务G711 PCM U律","","数量：26642536字节, 比例：1.06% ","",""
"第2个STS SPE(45M)","有效数据","AAL数量: 53982064字节, 比例: 16.44%","AAL2数量: 52284372字节, 比例: 96.86%","0000: 93EC; CID编号: 11","(2013-8-5)标准AAL2; CID承载业务G711PCM A律","","数量：26672808字节, 比例：1.06% ","",""
"第2个STS SPE(45M)","有效数据","AAL数量: 53982064字节, 比例: 16.44%","AAL2数量: 52284372字节, 比例: 96.86%","0000: 93EC; CID编号: 12","(2013-8-5)标准AAL2; CID承载业务G711 PCM U律","","数量：26684904字节, 比例：1.06% ","",""
"第2个STS SPE(45M)","有效数据","AAL数量: 53982064字节, 比例: 16.44%","AAL2数量: 52284372字节, 比例: 96.86%","0000: 93EC; CID编号: 13","(2013-8-5)标准AAL2; CID承载业务G711 PCM U律","","数量：26698112字节, 比例：1.06% ","",""
"第2个STS SPE(45M)","有效数据","AAL数量: 53982064字节, 比例: 16.44%","AAL2数量: 52284372字节, 比例: 96.86%","0000: 93EC; CID编号: 14","(2013-8-5)标准AAL2; CID承载业务G711 PCM U律","","数量：26686316字节, 比例：1.06% ","",""
"第2个STS SPE(45M)","有效数据","AAL数量: 53982064字节, 比例: 16.44%","AAL2数量: 52284372字节, 比例: 96.86%","0000: 93EC; CID编号: 15","(2013-8-5)标准AAL2; CID承载业务G711 PCM U律","","数量：26711380字节, 比例：1.06% ","",""
"第2个STS SPE(45M)","有效数据","AAL数量: 53982064字节, 比例: 16.44%","AAL2数量: 52284372字节, 比例: 96.86%","0000: 93EC; CID编号: 16","(2013-8-5)标准AAL2; CID承载业务G711 PCM U律","","数量：26706628字节, 比例：1.06% ","",""
"第2个STS SPE(45M)","有效数据","AAL数量: 53982064字节, 比例: 16.44%","AAL2数量: 52284372字节, 比例: 96.86%","0000: 93EC; CID编号: 17","(2013-8-5)标准AAL2; CID承载业务G711 PCM U律","","数量：26718424字节, 比例：1.06% ","",""
"第2个STS SPE(45M)","有效数据","AAL数量: 53982064字节, 比例: 16.44%","AAL2数量: 52284372字节, 比例: 96.86%","0000: 93EC; CID编号: 18","(2013-8-5)标准AAL2; CID承载业务G711 PCM U律","","数量：26727972字节, 比例：1.07% ","",""
"第2个STS SPE(45M)","有效数据","AAL数量: 53982064字节, 比例: 16.44%","AAL2数量: 52284372字节, 比例: 96.86%","0000: 93EC; CID编号: 19","(2013-8-5)标准AAL2; CID承载业务G711 PCM U律","","数量：26719984字节, 比例：1.06% ","",""
"第2个STS SPE(45M)","有效数据","AAL数量: 53982064字节, 比例: 16.44%","AAL2数量: 52284372字节, 比例: 96.86%","0000: 93EC; CID编号: 20","(2013-8-5)标准AAL2; CID承载业务G711 PCM U律","","数量：26700716字节, 比例：1.06% ","",""
"第2个STS SPE(45M)","有效数据","AAL数量: 53982064字节, 比例: 16.44%","AAL2数量: 52284372字节, 比例: 96.86%","0000: 93EC; CID编号: 21","(2013-8-5)标准AAL2; CID承载业务G711 PCM U律","","数量：26719116字节, 比例：1.06% ","",""
"第2个STS SPE(45M)","有效数据","AAL数量: 53982064字节, 比例: 16.44%","AAL2数量: 52284372字节, 比例: 96.86%","0000: 93EC; CID编号: 22","(2013-8-5)标准AAL2; CID承载业务G711 PCM U律","","数量：26716448字节, 比例：1.06% ","",""
"第2个STS SPE(45M)","有效数据","AAL数量: 53982064字节, 比例: 16.44%","AAL2数量: 52284372字节, 比例: 96.86%","0000: 93EC; CID编号: 23","(2013-8-5)标准AAL2; CID承载业务G711 PCM U律","","数量：26728012字节, 比例：1.07% ","",""
"第2个STS SPE(45M)","有效数据","AAL数量: 53982064字节, 比例: 16.44%","AAL2数量: 52284372字节, 比例: 96.86%","0000: 93EC; CID编号: 24","(2013-8-5)标准AAL2; CID承载业务G711 PCM U律","","数量：26719508字节, 比例：1.06% ","",""
"第2个STS SPE(45M)","有效数据","AAL数量: 53982064字节, 比例: 16.44%","AAL2数量: 52284372字节, 比例: 96.86%","0000: 93EC; CID编号: 25","(2013-8-5)标准AAL2; CID承载业务G711 PCM U律","","数量：26720988字节, 比例：1.06% ","",""
"第2个STS SPE(45M)","有效数据","AAL数量: 53982064字节, 比例: 16.44%","AAL2数量: 52284372字节, 比例: 96.86%","0000: 93EC; CID编号: 26","(2013-8-5)标准AAL2; CID承载业务G711 PCM U律","","数量：26725508字节, 比例：1.06% ","",""
"第2个STS SPE(45M)","有效数据","AAL数量: 53982064字节, 比例: 16.44%","AAL2数量: 52284372字节, 比例: 96.86%","0000: 93EC; CID编号: 27","(2013-8-5)标准AAL2; CID承载业务G711 PCM U律","","数量：26737388字节, 比例：1.07% ","",""
"第2个STS SPE(45M)","有效数据","AAL数量: 53982064字节, 比例: 16.44%","AAL2数量: 52284372字节, 比例: 96.86%","0000: 93EC; CID编号: 28","(2013-8-5)标准AAL2; CID承载业务G711 PCM U律","","数量：26744148字节, 比例：1.07% ","",""
"第2个STS SPE(45M)","有效数据","AAL数量: 53982064字节, 比例: 16.44%","AAL2数量: 52284372字节, 比例: 96.86%","0000: 93EC; CID编号: 29","(2013-8-5)标准AAL2; CID承载业务G711 PCM U律","","数量：26740572字节, 比例：1.07% ","",""
"第2个STS SPE(45M)","有效数据","AAL数量: 53982064字节, 比例: 16.44%","AAL2数量: 52284372字节, 比例: 96.86%","0000: 93EC; CID编号: 30","(2013-8-5)标准AAL2; CID承载业务G711 PCM U律","","数量：26737592字节, 比例：1.07% ","",""
"第2个STS SPE(45M)","有效数据","AAL数量: 53982064字节, 比例: 16.44%","AAL2数量: 52284372字节, 比例: 96.86%","0000: 93EC; CID编号: 31","(2013-8-5)标准AAL2; CID承载业务G711 PCM U律","","数量：26750836字节, 比例：1.07% ","",""
"第2个STS SPE(45M)","有效数据","AAL数量: 53982064字节, 比例: 16.44%","AAL2数量: 52284372字节, 比例: 96.86%","0000: 93EC; CID编号: 32","(2013-8-5)标准AAL2; CID承载业务G711 PCM U律","","数量：26659652字节, 比例：1.06% ","",""
"第2个STS SPE(45M)","有效数据","AAL数量: 53982064字节, 比例: 16.44%","AAL2数量: 52284372字节, 比例: 96.86%","0000: 93EC; CID编号: 33","(2013-8-5)标准AAL2; CID承载业务G711 PCM U律","","数量：26646652字节, 比例：1.06% ","",""
"第2个STS SPE(45M)","有效数据","AAL数量: 53982064字节, 比例: 16.44%","AAL2数量: 52284372字节, 比例: 96.86%","0000: 93EC; CID编号: 34","(2013-8-5)标准AAL2; CID承载业务G711 PCM U律","","数量：26633420字节, 比例：1.06% ","",""
"第2个STS SPE(45M)","有效数据","AAL数量: 53982064字节, 比例: 16.44%","AAL2数量: 52284372字节, 比例: 96.86%","0000: F305; CID编号: 11","(2013-8-5)标准AAL2; CID承载业务G711 PCM U律","","数量：26582952字节, 比例：1.06% ","",""
"第2个STS SPE(45M)","有效数据","AAL数量: 53982064字节, 比例: 16.44%","AAL2数量: 52284372字节, 比例: 96.86%","0000: 6821; CID编号: 11","(2013-8-5)标准AAL2; CID承载业务G711 PCM U律","","数量：26594504字节, 比例：1.06% ","",""
"第2个STS SPE(45M)","有效数据","AAL数量: 53982064字节, 比例: 16.44%","AAL2数量: 52284372字节, 比例: 96.86%","0000: 6246; CID编号: 11","(2013-8-5)标准AAL2; CID承载业务G711 PCM U律","","数量：26590156字节, 比例：1.06% ","",""
"第2个STS SPE(45M)","有效数据","AAL数量: 53982064字节, 比例: 16.44%","AAL2数量: 52284372字节, 比例: 96.86%","0000: 00CD; CID编号: 11","(2013-8-5)标准AAL2; CID承载业务G711 PCM U律","","数量：26723296字节, 比例：1.06% ","",""
"第2个STS SPE(45M)","有效数据","AAL数量: 53982064字节, 比例: 16.44%","AAL2数量: 52284372字节, 比例: 96.86%","0000: CB27; CID编号: 11","(2013-8-5)标准AAL2; CID承载业务G711 PCM U律","","数量：26575604字节, 比例：1.06% ","",""
"第2个STS SPE(45M)","有效数据","AAL数量: 53982064字节, 比例: 16.44%","AAL2数量: 52284372字节, 比例: 96.86%","0000: 00CE; CID编号: 11","(2013-8-5)标准AAL2; CID承载业务G711 PCM U律","","数量：26711408字节, 比例：1.06% ","",""
"第2个STS SPE(45M)","有效数据","AAL数量: 53982064字节, 比例: 16.44%","AAL2数量: 52284372字节, 比例: 96.86%","0000: 879D; CID编号: 11","(2013-8-5)标准AAL2; CID承载业务G711 PCM U律","","数量：26592012字节, 比例：1.06% ","",""
"第2个STS SPE(45M)","有效数据","AAL数量: 53982064字节, 比例: 16.44%","AAL2数量: 52284372字节, 比例: 96.86%","0000: 681E; CID编号: 11","(2013-8-5)标准AAL2; CID承载业务G711 PCM U律","","数量：26580840字节, 比例：1.06% ","",""
"第2个STS SPE(45M)","有效数据","AAL数量: 53982064字节, 比例: 16.44%","AAL2数量: 52284372字节, 比例: 96.86%","0000: 6244; CID编号: 11","(2013-8-5)标准AAL2; CID承载业务G711 PCM U律","","数量：26598376字节, 比例：1.06% ","",""
"第2个STS SPE(45M)","有效数据","AAL数量: 53982064字节, 比例: 16.44%","AAL2数量: 52284372字节, 比例: 96.86%","0000: 879C; CID编号: 11","(2013-8-5)标准AAL2; CID承载业务G711 PCM U律","","数量：26592456字节, 比例：1.06% ","",""
"第2个STS SPE(45M)","有效数据","AAL数量: 53982064字节, 比例: 16.44%","AAL2数量: 52284372字节, 比例: 96.86%","0000: 6245; CID编号: 11","(2013-8-5)标准AAL2; CID承载业务G711 PCM U律","","数量：26606360字节, 比例：1.06% ","",""
"第2个STS SPE(45M)","有效数据","AAL数量: 53982064字节, 比例: 16.44%","AAL2数量: 52284372字节, 比例: 96.86%","0000: 879A; CID编号: 11","(2013-8-5)标准AAL2; CID承载业务G711 PCM U律","","数量：26573952字节, 比例：1.06% ","",""
"第2个STS SPE(45M)","有效数据","AAL数量: 53982064字节, 比例: 16.44%","AAL2数量: 52284372字节, 比例: 96.86%","0000: F306; CID编号: 11","(2013-8-5)标准AAL2; CID承载业务G729","","数量：4143380字节, 比例：0.17% ","",""
"第2个STS SPE(45M)","有效数据","AAL数量: 53982064字节, 比例: 16.44%","AAL2数量: 52284372字节, 比例: 96.86%","0000: 879B; CID编号: 11","(2013-8-5)标准AAL2; CID承载业务G711 PCM U律","","数量：26574396字节, 比例：1.06% ","",""
"第2个STS SPE(45M)","有效数据","AAL数量: 53982064字节, 比例: 16.44%","AAL2数量: 52284372字节, 比例: 96.86%","0000: 622E; CID编号: 11","(2013-8-5)标准AAL2; CID承载业务G729","","数量：4185760字节, 比例：0.17% ","",""
"第2个STS SPE(45M)","有效数据","AAL数量: 53982064字节, 比例: 16.44%","AAL2数量: 52284372字节, 比例: 96.86%","0000: 622E; CID编号: 12","(2013-8-5)标准AAL2; CID承载业务G729","","数量：4186566字节, 比例：0.17% ","",""
"第2个STS SPE(45M)","有效数据","AAL数量: 53982064字节, 比例: 16.44%","AAL2数量: 52284372字节, 比例: 96.86%","0000: CB15; CID编号: 11","(2013-8-5)标准AAL2; CID承载业务G711 PCM U律","","数量：26586420字节, 比例：1.06% ","",""
"第2个STS SPE(45M)","有效数据","AAL数量: 53982064字节, 比例: 16.44%","AAL2数量: 52284372字节, 比例: 96.86%","0000: 169D; CID编号: 11","(2013-8-5)标准AAL2; CID承载业务G729","","数量：4139378字节, 比例：0.16% ","",""
"第2个STS SPE(45M)","有效数据","AAL数量: 53982064字节, 比例: 16.44%","AAL2数量: 52284372字节, 比例: 96.86%","0000: 879E; CID编号: 11","(2013-8-5)标准AAL2; CID承载业务G729","","数量：4142644字节, 比例：0.17% ","",""
"第2个STS SPE(45M)","有效数据","AAL数量: 53982064字节, 比例: 16.44%","AAL2数量: 52284372字节, 比例: 96.86%","0000: CAFE; CID编号: 11","(2013-8-5)标准AAL2; CID承载业务G729","","数量：4145376字节, 比例：0.17% ","",""
"第2个STS SPE(45M)","有效数据","AAL数量: 53982064字节, 比例: 16.44%","AAL2数量: 52284372字节, 比例: 96.86%","0000: 169F; CID编号: 11","(2013-8-5)标准AAL2; CID承载业务G729","","数量：4141660字节, 比例：0.17% ","",""
"第2个STS SPE(45M)","有效数据","AAL数量: 53982064字节, 比例: 16.44%","AAL2数量: 52284372字节, 比例: 96.86%","0000: 00A2; CID编号: 11","(2013-8-5)标准AAL2; CID承载业务G729","","数量：4157644字节, 比例：0.17% ","",""
"第2个STS SPE(45M)","有效数据","AAL数量: 53982064字节, 比例: 16.44%","AAL2数量: 52284372字节, 比例: 96.86%","0000: 93EF; CID编号: 11","(2013-8-5)标准AAL2; CID承载业务G729","","数量：4141544字节, 比例：0.17% ","",""
"第2个STS SPE(45M)","有效数据","AAL数量: 53982064字节, 比例: 16.44%","AAL2数量: 52284372字节, 比例: 96.86%","0000: 8799; CID编号: 11","(2013-8-5)标准AAL2; CID承载业务G729","","数量：4149818字节, 比例：0.17% ","",""
"第2个STS SPE(45M)","有效数据","AAL数量: 53982064字节, 比例: 16.44%","AAL2数量: 52284372字节, 比例: 96.86%","0000: 681F; CID编号: 11","(2013-8-5)标准AAL2; CID承载业务G729","","数量：4145958字节, 比例：0.17% ","",""
"第2个STS SPE(45M)","有效数据","AAL数量: 53982064字节, 比例: 16.44%","AAL2数量: 52284372字节, 比例: 96.86%","0000: 8798; CID编号: 11","(2013-8-5)标准AAL2; CID承载业务G729","","数量：4155764字节, 比例：0.17% ","",""
"第2个STS SPE(45M)","有效数据","AAL数量: 53982064字节, 比例: 16.44%","AAL2数量: 52284372字节, 比例: 96.86%","0000: 623A; CID编号: 11","(2013-8-5)标准AAL2; CID承载业务G729","","数量：4146838字节, 比例：0.17% ","",""
"第2个STS SPE(45M)","有效数据","AAL数量: 53982064字节, 比例: 16.44%","AAL2数量: 52284372字节, 比例: 96.86%","0000: 96D5; CID编号: 11","(2013-8-5)标准AAL2; CID承载业务G729","","数量：4144052字节, 比例：0.17% ","",""
"第2个STS SPE(45M)","有效数据","AAL数量: 53982064字节, 比例: 16.44%","AAL2数量: 52284372字节, 比例: 96.86%","0000: 06C9; CID编号: 11","(2013-8-5)标准AAL2; CID承载业务G729","","数量：4161896字节, 比例：0.17% ","",""
"第2个STS SPE(45M)","有效数据","AAL数量: 53982064字节, 比例: 16.44%","AAL2数量: 52284372字节, 比例: 96.86%","0000: 8793; CID编号: 11","(2013-8-5)标准AAL2; CID承载业务G729","","数量：4156794字节, 比例：0.17% ","",""
"第2个STS SPE(45M)","有效数据","AAL数量: 53982064字节, 比例: 16.44%","AAL2数量: 52284372字节, 比例: 96.86%","0000: 8797; CID编号: 11","(2013-8-5)标准AAL2; CID承载业务G729","","数量：4164778字节, 比例：0.17% ","",""
"第2个STS SPE(45M)","有效数据","AAL数量: 53982064字节, 比例: 16.44%","AAL2数量: 52284372字节, 比例: 96.86%","0000: 009A; CID编号: 11","(2013-8-5)标准AAL2; CID承载业务G729","","数量：4158762字节, 比例：0.17% ","",""
"第2个STS SPE(45M)","有效数据","AAL数量: 53982064字节, 比例: 16.44%","AAL2数量: 52284372字节, 比例: 96.86%","0000: 009B; CID编号: 11","(2013-8-5)标准AAL2; CID承载业务G729","","数量：4162090字节, 比例：0.17% ","",""
"第2个STS SPE(45M)","有效数据","AAL数量: 53982064字节, 比例: 16.44%","AAL2数量: 52284372字节, 比例: 96.86%","0000: 8794; CID编号: 11","(2013-8-5)标准AAL2; CID承载业务G729","","数量：4151358字节, 比例：0.17% ","",""
"第2个STS SPE(45M)","有效数据","AAL数量: 53982064字节, 比例: 16.44%","AAL2数量: 52284372字节, 比例: 96.86%","0000: 0098; CID编号: 11","(2013-8-5)标准AAL2; CID承载业务G729","","数量：4154416字节, 比例：0.17% ","",""
"第2个STS SPE(45M)","有效数据","AAL数量: 53982064字节, 比例: 16.44%","AAL2数量: 52284372字节, 比例: 96.86%","0000: 009E; CID编号: 11","(2013-8-5)标准AAL2; CID承载业务G729","","数量：4157670字节, 比例：0.17% ","",""
"第2个STS SPE(45M)","有效数据","AAL数量: 53982064字节, 比例: 16.44%","AAL2数量: 52284372字节, 比例: 96.86%","0000: 0099; CID编号: 11","(2013-8-5)标准AAL2; CID承载业务G729","","数量：4157666字节, 比例：0.17% ","",""
"第2个STS SPE(45M)","有效数据","AAL数量: 53982064字节, 比例: 16.44%","AAL2数量: 52284372字节, 比例: 96.86%","0000: 8796; CID编号: 11","(2013-8-5)标准AAL2; CID承载业务G729","","数量：4157192字节, 比例：0.17% ","",""
"第2个STS SPE(45M)","有效数据","AAL数量: 53982064字节, 比例: 16.44%","AAL2数量: 52284372字节, 比例: 96.86%","0000: 009D; CID编号: 11","(2013-8-5)标准AAL2; CID承载业务G729","","数量：4160836字节, 比例：0.17% ","",""
"第2个STS SPE(45M)","有效数据","AAL数量: 53982064字节, 比例: 16.44%","AAL2数量: 52284372字节, 比例: 96.86%","0000: 8795; CID编号: 11","(2013-8-5)标准AAL2; CID承载业务G729","","数量：4153480字节, 比例：0.17% ","",""
"第2个STS SPE(45M)","有效数据","AAL数量: 53982064字节, 比例: 16.44%","AAL2数量: 52284372字节, 比例: 96.86%","0000: 00A0; CID编号: 11","(2013-8-5)标准AAL2; CID承载业务G729","","数量：4159650字节, 比例：0.17% ","",""
"第2个STS SPE(45M)","有效数据","AAL数量: 53982064字节, 比例: 16.44%","AAL2数量: 52284372字节, 比例: 96.86%","0000: 8792; CID编号: 11","(2013-8-5)标准AAL2; CID承载业务G729","","数量：4148692字节, 比例：0.17% ","",""
"第2个STS SPE(45M)","有效数据","AAL数量: 53982064字节, 比例: 16.44%","AAL5数量: 1697692字节, 比例: 3.14%","0000: 004E","(2013-8-5)AAL5 IP",""," 数量：77903328字节, 比例：95.60%","",""
"第2个STS SPE(45M)","有效数据","AAL数量: 53982064字节, 比例: 16.44%","AAL5数量: 1697692字节, 比例: 3.14%","0000: 004F","(2013-8-5)TCP 数量：37322110字节, 比例：84.31%;  UDP 数量：2370811字节, 比例：5.36%; ICMP数量：587353字节, 比例：1.33%; 其他数量：3986268字节, 比例：9.01%","TCP: 49239"," 数量：37322110字节, 比例：84.31%","TCP 源地址：10.54.128.206, 目的地址：10.65.128.21; ",""
"第2个STS SPE(45M)","有效数据","AAL数量: 53982064字节, 比例: 16.44%","AAL5数量: 1697692字节, 比例: 3.14%","0000: 004F","(2013-8-5)TCP 数量：37322110字节, 比例：84.31%;  UDP 数量：2370811字节, 比例：5.36%; ICMP数量：587353字节, 比例：1.33%; 其他数量：3986268字节, 比例：9.01%"," UDP: 161"," 数量：2370811字节, 比例：5.36%","UDP 源地址：10.183.240.240, 目的地址：10.183.242.121; UDP 源地址：10.183.240.240, 目的地址：10.183.242.121; UDP 源地址：10.183.240.240, 目的地址：10.183.242.123; UDP 源地址：10.183.240.240, 目的地址：10.183.242.121; UDP 源地址：10.183.240.240, 目的地址：10.183.242.123; UDP 源地址：10.183.240.240, 目的地址：10.183.242.121; UDP 源地址：10.183.240.240, 目的地址：10.183.242.123; UDP 源地址：10.183.240.240, 目的地址：10.183.242.121; UDP 源地址：10.183.240.240, 目的地址：10.183.242.123; UDP 源地址：10.183.240.240, 目的地址：10.183.242.121; UDP 源地址：10.183.240.240, 目的地址：10.183.242.123; UDP 源地址：10.183.240.240, 目的地址：10.151.242.121; UDP 源地址：14.183.240.240, 目的地址：10.183.114.121; UDP 源地址：10.183.240.240, 目的地址：10.55.242.121; UDP 源地址：10.183.240.208, 目的地址：10.183.242.121; UDP 源地址：10.179.240.240, 目的地址：10.183.242.251; UDP 源地址：26.183.240.240, 目的地址：10.183.242.121; UDP 源地址：10.247.240.240, 目的地址：10.183.242.91; UDP 源地址：10.183.240.242, 目的地址：10.183.242.121; UDP 源地址：10.183.240.208, 目的地址：10.183.242.121; ",""
"第2个STS SPE(45M)","有效数据","AAL数量: 53982064字节, 比例: 16.44%","AAL5数量: 1697692字节, 比例: 3.14%","0000: 004F","(2013-8-5)TCP 数量：37322110字节, 比例：84.31%;  UDP 数量：2370811字节, 比例：5.36%; ICMP数量：587353字节, 比例：1.33%; 其他数量：3986268字节, 比例：9.01%"," UDP: 1497"," 数量： 2370811字节, 比例：5.36%","UDP 源地址：10.54.128.206, 目的地址：10.65.128.21; ",""
"第2个STS SPE(45M)","有效数据","AAL数量: 53982064字节, 比例: 16.44%","AAL5数量: 1697692字节, 比例: 3.14%","0000: 004F","(2013-8-5)TCP 数量：37322110字节, 比例：84.31%;  UDP 数量：2370811字节, 比例：5.36%; ICMP数量：587353字节, 比例：1.33%; 其他数量：3986268字节, 比例：9.01%"," UDP: 57058"," 数量： 2370811字节, 比例：5.36%","UDP 源地址：10.54.128.206, 目的地址：10.65.128.15; ",""
"第2个STS SPE(45M)","有效数据","AAL数量: 53982064字节, 比例: 16.44%","AAL5数量: 1697692字节, 比例: 3.14%","0000: 004F","(2013-8-5)TCP 数量：37322110字节, 比例：84.31%;  UDP 数量：2370811字节, 比例：5.36%; ICMP数量：587353字节, 比例：1.33%; 其他数量：3986268字节, 比例：9.01%"," UDP: 1030"," 数量： 2370811字节, 比例：5.36%","UDP 源地址：10.54.128.206, 目的地址：10.65.128.29; ",""
"第2个STS SPE(45M)","有效数据","AAL数量: 53982064字节, 比例: 16.44%","AAL5数量: 1697692字节, 比例: 3.14%","0000: 004F","(2013-8-5)TCP 数量：37322110字节, 比例：84.31%;  UDP 数量：2370811字节, 比例：5.36%; ICMP数量：587353字节, 比例：1.33%; 其他数量：3986268字节, 比例：9.01%"," UDP: 1517"," 数量： 2370811字节, 比例：5.36%","UDP 源地址：10.54.128.206, 目的地址：10.65.128.27; ",""
"第2个STS SPE(45M)","有效数据","AAL数量: 53982064字节, 比例: 16.44%","AAL5数量: 1697692字节, 比例: 3.14%","0000: 004F","(2013-8-5)TCP 数量：37322110字节, 比例：84.31%;  UDP 数量：2370811字节, 比例：5.36%; ICMP数量：587353字节, 比例：1.33%; 其他数量：3986268字节, 比例：9.01%"," UDP: 1651"," 数量： 2370811字节, 比例：5.36%","UDP 源地址：10.54.128.206, 目的地址：10.65.128.7; UDP 源地址：10.54.128.206, 目的地址：10.65.128.7; ",""
"第2个STS SPE(45M)","有效数据","AAL数量: 53982064字节, 比例: 16.44%","AAL5数量: 1697692字节, 比例: 3.14%","0000: 004F","(2013-8-5)TCP 数量：37322110字节, 比例：84.31%;  UDP 数量：2370811字节, 比例：5.36%; ICMP数量：587353字节, 比例：1.33%; 其他数量：3986268字节, 比例：9.01%"," UDP: 54776"," 数量： 2370811字节, 比例：5.36%","UDP 源地址：10.54.128.206, 目的地址：10.65.128.9; ",""
"第2个STS SPE(45M)","有效数据","AAL数量: 53982064字节, 比例: 16.44%","AAL5数量: 1697692字节, 比例: 3.14%","0000: 004F","(2013-8-5)TCP 数量：37322110字节, 比例：84.31%;  UDP 数量：2370811字节, 比例：5.36%; ICMP数量：587353字节, 比例：1.33%; 其他数量：3986268字节, 比例：9.01%"," UDP: 64347"," 数量： 2370811字节, 比例：5.36%","UDP 源地址：10.54.128.206, 目的地址：10.65.128.25; ",""
"第2个STS SPE(45M)","有效数据","AAL数量: 53982064字节, 比例: 16.44%","AAL5数量: 1697692字节, 比例: 3.14%","0000: 004F","(2013-8-5)TCP 数量：37322110字节, 比例：84.31%;  UDP 数量：2370811字节, 比例：5.36%; ICMP数量：587353字节, 比例：1.33%; 其他数量：3986268字节, 比例：9.01%"," UDP: 58304"," 数量： 2370811字节, 比例：5.36%","UDP 源地址：10.54.128.206, 目的地址：10.65.128.23; ",""
"第2个STS SPE(45M)","有效数据","AAL数量: 53982064字节, 比例: 16.44%","AAL5数量: 1697692字节, 比例: 3.14%","0000: 004F","(2013-8-5)TCP 数量：37322110字节, 比例：84.31%;  UDP 数量：2370811字节, 比例：5.36%; ICMP数量：587353字节, 比例：1.33%; 其他数量：3986268字节, 比例：9.01%"," UDP: 1675"," 数量： 2370811字节, 比例：5.36%","UDP 源地址：10.54.128.206, 目的地址：10.65.128.31; UDP 源地址：10.54.128.206, 目的地址：10.65.128.31; UDP 源地址：8.54.128.206, 目的地址：10.65.128.31; ",""
"第2个STS SPE(45M)","有效数据","AAL数量: 53982064字节, 比例: 16.44%","AAL5数量: 1697692字节, 比例: 3.14%","0000: 004F","(2013-8-5)TCP 数量：37322110字节, 比例：84.31%;  UDP 数量：2370811字节, 比例：5.36%; ICMP数量：587353字节, 比例：1.33%; 其他数量：3986268字节, 比例：9.01%"," UDP: 1319"," 数量： 2370811字节, 比例：5.36%","UDP 源地址：10.54.128.206, 目的地址：10.65.128.17; ",""
"第2个STS SPE(45M)","有效数据","AAL数量: 53982064字节, 比例: 16.44%","AAL5数量: 1697692字节, 比例: 3.14%","0000: 004F","(2013-8-5)TCP 数量：37322110字节, 比例：84.31%;  UDP 数量：2370811字节, 比例：5.36%; ICMP数量：587353字节, 比例：1.33%; 其他数量：3986268字节, 比例：9.01%"," UDP: 1303"," 数量： 2370811字节, 比例：5.36%","UDP 源地址：10.54.128.207, 目的地址：10.65.128.14; UDP 源地址：10.54.128.207, 目的地址：10.65.128.14; UDP 源地址：10.54.128.207, 目的地址：10.65.128.12; ",""
"第2个STS SPE(45M)","有效数据","AAL数量: 53982064字节, 比例: 16.44%","AAL5数量: 1697692字节, 比例: 3.14%","0000: 004F","(2013-8-5)TCP 数量：37322110字节, 比例：84.31%;  UDP 数量：2370811字节, 比例：5.36%; ICMP数量：587353字节, 比例：1.33%; 其他数量：3986268字节, 比例：9.01%"," UDP: 50648"," 数量： 2370811字节, 比例：5.36%","UDP 源地址：10.54.128.206, 目的地址：10.65.128.13; ",""
"第2个STS SPE(45M)","有效数据","AAL数量: 53982064字节, 比例: 16.44%","AAL5数量: 1697692字节, 比例: 3.14%","0000: 004F","(2013-8-5)TCP 数量：37322110字节, 比例：84.31%;  UDP 数量：2370811字节, 比例：5.36%; ICMP数量：587353字节, 比例：1.33%; 其他数量：3986268字节, 比例：9.01%"," UDP: 1730"," 数量： 2370811字节, 比例：5.36%","UDP 源地址：10.54.128.206, 目的地址：10.65.128.21; ",""
"第2个STS SPE(45M)","有效数据","AAL数量: 53982064字节, 比例: 16.44%","AAL5数量: 1697692字节, 比例: 3.14%","0000: 004F","(2013-8-5)TCP 数量：37322110字节, 比例：84.31%;  UDP 数量：2370811字节, 比例：5.36%; ICMP数量：587353字节, 比例：1.33%; 其他数量：3986268字节, 比例：9.01%"," UDP: 49156"," 数量： 2370811字节, 比例：5.36%","UDP 源地址：10.183.240.184, 目的地址：10.183.242.23; UDP 源地址：10.183.240.185, 目的地址：10.183.242.22; UDP 源地址：10.183.240.185, 目的地址：10.183.242.22; UDP 源地址：10.181.248.170, 目的地址：10.183.243.87; UDP 源地址：10.183.248.184, 目的地址：10.183.242.23; UDP 源地址：10.183.224.184, 目的地址：10.183.242.21; UDP 源地址：10.183.240.168, 目的地址：10.183.242.23; UDP 源地址：10.183.208.185, 目的地址：10.183.242.22; UDP 源地址：14.183.240.184, 目的地址：10.183.114.23; UDP 源地址：10.183.248.184, 目的地址：8.55.242.23; UDP 源地址：10.179.240.185, 目的地址：2.183.242.22; UDP 源地址：42.183.240.185, 目的地址：10.179.242.22; UDP 源地址：10.247.240.184, 目的地址：10.183.250.23; UDP 源地址：10.183.244.185, 目的地址：10.183.242.22; UDP 源地址：10.183.242.184, 目的地址：10.183.242.23; UDP 源地址：10.183.248.184, 目的地址：10.183.242.23; ",""
"第2个STS SPE(45M)","有效数据","AAL数量: 53982064字节, 比例: 16.44%","AAL5数量: 1697692字节, 比例: 3.14%","0000: 004F","(2013-8-5)TCP 数量：37322110字节, 比例：84.31%;  UDP 数量：2370811字节, 比例：5.36%; ICMP数量：587353字节, 比例：1.33%; 其他数量：3986268字节, 比例：9.01%"," UDP: 1640"," 数量： 2370811字节, 比例：5.36%","UDP 源地址：10.54.128.207, 目的地址：10.65.128.2; ",""
"第2个STS SPE(45M)","有效数据","AAL数量: 53982064字节, 比例: 16.44%","AAL5数量: 1697692字节, 比例: 3.14%","0000: 004F","(2013-8-5)TCP 数量：37322110字节, 比例：84.31%;  UDP 数量：2370811字节, 比例：5.36%; ICMP数量：587353字节, 比例：1.33%; 其他数量：3986268字节, 比例：9.01%"," UDP: 49154"," 数量： 2370811字节, 比例：5.36%","UDP 源地址：10.183.240.185, 目的地址：10.183.242.22; UDP 源地址：10.183.240.184, 目的地址：10.183.242.23; UDP 源地址：10.183.248.184, 目的地址：10.183.242.23; UDP 源地址：10.183.242.184, 目的地址：10.183.242.23; UDP 源地址：10.183.210.185, 目的地址：10.183.242.18; UDP 源地址：74.183.112.184, 目的地址：42.183.242.23; UDP 源地址：10.55.240.185, 目的地址：10.183.242.22; UDP 源地址：10.167.240.184, 目的地址：10.183.240.23; UDP 源地址：10.181.248.184, 目的地址：10.183.242.87; UDP 源地址：10.183.112.185, 目的地址：10.183.242.6; UDP 源地址：10.183.184.184, 目的地址：10.183.242.23; UDP 源地址：10.183.232.184, 目的地址：10.183.242.157; UDP 源地址：10.183.240.185, 目的地址：138.247.242.22; UDP 源地址：10.183.240.187, 目的地址：10.183.242.22; UDP 源地址：11.183.240.184, 目的地址：10.183.242.23; UDP 源地址：138.183.240.185, 目的地址：10.183.242.22; UDP 源地址：10.183.252.184, 目的地址：26.183.242.23; UDP 源地址：10.183.248.184, 目的地址：26.183.242.23; UDP 源地址：10.183.252.184, 目的地址：10.183.247.23; UDP 源地址：10.183.240.184, 目的地址：10.183.242.23; ",""
"第2个STS SPE(45M)","有效数据","AAL数量: 53982064字节, 比例: 16.44%","AAL5数量: 1697692字节, 比例: 3.14%","0000: 004F","(2013-8-5)TCP 数量：37322110字节, 比例：84.31%;  UDP 数量：2370811字节, 比例：5.36%; ICMP数量：587353字节, 比例：1.33%; 其他数量：3986268字节, 比例：9.01%"," UDP: 1036"," 数量： 2370811字节, 比例：5.36%","UDP 源地址：10.54.128.206, 目的地址：10.65.128.29; ",""
"第2个STS SPE(45M)","有效数据","AAL数量: 53982064字节, 比例: 16.44%","AAL5数量: 1697692字节, 比例: 3.14%","0000: 004F","(2013-8-5)TCP 数量：37322110字节, 比例：84.31%;  UDP 数量：2370811字节, 比例：5.36%; ICMP数量：587353字节, 比例：1.33%; 其他数量：3986268字节, 比例：9.01%"," UDP: 1560"," 数量： 2370811字节, 比例：5.36%","UDP 源地址：10.54.128.207, 目的地址：10.65.128.22; ",""
"第2个STS SPE(45M)","有效数据","AAL数量: 53982064字节, 比例: 16.44%","AAL5数量: 1697692字节, 比例: 3.14%","0000: 004F","(2013-8-5)TCP 数量：37322110字节, 比例：84.31%;  UDP 数量：2370811字节, 比例：5.36%; ICMP数量：587353字节, 比例：1.33%; 其他数量：3986268字节, 比例：9.01%"," UDP: 1524"," 数量： 2370811字节, 比例：5.36%","UDP 源地址：10.54.128.206, 目的地址：10.65.128.17; ",""
"第2个STS SPE(45M)","有效数据","AAL数量: 53982064字节, 比例: 16.44%","AAL5数量: 1697692字节, 比例: 3.14%","0000: 004F","(2013-8-5)TCP 数量：37322110字节, 比例：84.31%;  UDP 数量：2370811字节, 比例：5.36%; ICMP数量：587353字节, 比例：1.33%; 其他数量：3986268字节, 比例：9.01%"," ICMP "," 数量： 587353字节, 比例：1.33%","ICMP 源地址：10.17.51.197, 目的地址：10.4.26.2; ICMP 源地址：10.54.128.206, 目的地址：10.65.128.9; ICMP 源地址：10.54.128.206, 目的地址：10.65.128.29; ICMP 源地址：10.54.128.206, 目的地址：10.65.128.13; ICMP 源地址：10.54.128.206, 目的地址：10.65.128.21; ICMP 源地址：10.54.128.206, 目的地址：10.65.128.23; ICMP 源地址：10.54.128.206, 目的地址：10.65.128.17; ICMP 源地址：10.54.128.206, 目的地址：10.65.128.7; ICMP 源地址：10.54.128.206, 目的地址：10.65.128.25; ICMP 源地址：10.54.128.206, 目的地址：10.65.128.15; ICMP 源地址：10.54.128.206, 目的地址：10.65.128.31; ICMP 源地址：10.54.128.206, 目的地址：10.65.128.27; ICMP 源地址：10.17.51.199, 目的地址：10.4.26.2; ICMP 源地址：10.17.51.193, 目的地址：74.4.26.2; ICMP 源地址：10.22.128.207, 目的地址：10.65.132.22; ICMP 源地址：10.54.128.206, 目的地址：10.1.128.29; ICMP 源地址：10.54.128.205, 目的地址：10.65.128.22; ICMP 源地址：8.54.128.206, 目的地址：10.65.194.29; ICMP 源地址：2.183.240.240, 目的地址：10.183.242.123; ICMP 源地址：2.183.240.240, 目的地址：10.182.255.33; ",""
"第2个STS SPE(45M)","有效数据","AAL数量: 53982064字节, 比例: 16.44%","AAL5数量: 1697692字节, 比例: 3.14%","0000: 004F","(2013-8-5)TCP 数量：37322110字节, 比例：84.31%;  UDP 数量：2370811字节, 比例：5.36%; ICMP数量：587353字节, 比例：1.33%; 其他数量：3986268字节, 比例：9.01%","OSPFIGP "," 数量： 3823460字节, 比例：8.64%","OSPFIGP源地址：10.9.20.14, 目的地址：224.0.0.69; OSPFIGP源地址：10.11.20.6, 目的地址：224.0.0.5; OSPFIGP源地址：10.3.20.14, 目的地址：224.0.1.5; OSPFIGP源地址：10.10.20.14, 目的地址：224.0.0.37; OSPFIGP源地址：10.11.4.14, 目的地址：224.0.0.7; OSPFIGP源地址：10.3.20.14, 目的地址：224.0.0.5; OSPFIGP源地址：10.11.16.14, 目的地址：224.0.0.5; OSPFIGP源地址：2.11.20.14, 目的地址：224.0.0.5; OSPFIGP源地址：8.11.20.14, 目的地址：224.0.64.5; OSPFIGP源地址：9.11.20.14, 目的地址：224.0.32.5; OSPFIGP源地址：10.3.20.14, 目的地址：248.0.0.5; OSPFIGP源地址：10.9.20.14, 目的地址：224.1.0.5; OSPFIGP源地址：8.3.20.14, 目的地址：224.0.65.5; OSPFIGP源地址：9.11.20.14, 目的地址：160.0.96.5; OSPFIGP源地址：10.11.20.6, 目的地址：228.0.1.5; OSPFIGP源地址：8.11.20.14, 目的地址：226.0.64.5; OSPFIGP源地址：10.3.20.46, 目的地址：224.0.0.5; OSPFIGP源地址：10.9.20.14, 目的地址：224.0.0.5; OSPFIGP源地址：10.11.20.6, 目的地址：224.0.0.21; OSPFIGP源地址：10.9.20.14, 目的地址：224.0.1.69; ",""
"第2个STS SPE(45M)","有效数据","AAL数量: 53982064字节, 比例: 16.44%","AAL5数量: 1697692字节, 比例: 3.14%","0000: 004F","(2013-8-5)TCP 数量：37322110字节, 比例：84.31%;  UDP 数量：2370811字节, 比例：5.36%; ICMP数量：587353字节, 比例：1.33%; 其他数量：3986268字节, 比例：9.01%","IGMP "," 数量： 25189字节, 比例：0.06%","IGMP源地址：10.54.128.206, 目的地址：10.65.128.9; IGMP源地址：10.54.151.230, 目的地址：10.65.128.29; IGMP源地址：10.183.254.228, 目的地址：10.183.242.53; IGMP源地址：10.54.128.206, 目的地址：170.65.128.29; IGMP源地址：10.50.151.210, 目的地址：10.65.128.157; IGMP源地址：10.54.128.78, 目的地址：10.65.128.9; IGMP源地址：10.54.135.202, 目的地址：10.65.128.13; IGMP源地址：10.181.254.228, 目的地址：10.183.242.53; IGMP源地址：10.54.151.74, 目的地址：10.65.128.15; IGMP源地址：10.183.244.137, 目的地址：10.183.242.20; IGMP源地址：10.54.151.202, 目的地址：10.65.128.27; IGMP源地址：10.54.128.206, 目的地址：10.65.128.29; IGMP源地址：10.54.128.78, 目的地址：10.65.128.29; IGMP源地址：10.54.128.206, 目的地址：10.65.128.23; IGMP源地址：10.54.129.78, 目的地址：106.73.128.25; IGMP源地址：10.1.0.239, 目的地址：10.4.26.2; IGMP源地址：10.183.254.100, 目的地址：10.183.242.53; IGMP源地址：10.54.23.74, 目的地址：10.65.128.31; IGMP源地址：10.50.151.74, 目的地址：10.65.128.23; IGMP源地址：10.54.151.74, 目的地址：10.65.128.23; ",""
"第2个STS SPE(45M)","有效数据","AAL数量: 53982064字节, 比例: 16.44%","AAL5数量: 1697692字节, 比例: 3.14%","0000: 004F","(2013-8-5)TCP 数量：37322110字节, 比例：84.31%;  UDP 数量：2370811字节, 比例：5.36%; ICMP数量：587353字节, 比例：1.33%; 其他数量：3986268字节, 比例：9.01%","UCL "," 数量： 23228字节, 比例：0.05%","UCL源地址：10.54.128.238, 目的地址：10.65.128.9; UCL源地址：10.54.128.206, 目的地址：10.65.128.9; UCL源地址：10.183.254.68, 目的地址：10.183.242.53; UCL源地址：10.54.192.206, 目的地址：10.65.128.1; UCL源地址：10.167.254.68, 目的地址：42.183.242.53; UCL源地址：10.183.254.108, 目的地址：10.183.242.53; UCL源地址：10.183.190.101, 目的地址：10.183.242.56; UCL源地址：10.183.254.100, 目的地址：10.183.242.53; UCL源地址：10.183.254.68, 目的地址：10.183.242.59; UCL源地址：10.54.128.206, 目的地址：10.65.128.29; UCL源地址：10.54.128.238, 目的地址：10.65.128.29; UCL源地址：2.1.0.111, 目的地址：10.4.26.2; UCL源地址：10.54.128.207, 目的地址：10.65.128.24; UCL源地址：10.118.128.239, 目的地址：10.65.136.32; UCL源地址：10.54.128.190, 目的地址：10.64.128.25; UCL源地址：138.183.244.137, 目的地址：10.167.242.20; UCL源地址：10.247.244.169, 目的地址：138.183.250.20; UCL源地址：10.183.244.169, 目的地址：10.183.242.20; UCL源地址：10.54.129.207, 目的地址：10.65.128.24; ",""
"第2个STS SPE(45M)","有效数据","AAL数量: 53982064字节, 比例: 16.44%","AAL5数量: 1697692字节, 比例: 3.14%","0000: 004F","(2013-8-5)TCP 数量：37322110字节, 比例：84.31%;  UDP 数量：2370811字节, 比例：5.36%; ICMP数量：587353字节, 比例：1.33%; 其他数量：3986268字节, 比例：9.01%","XNS-IDP "," 数量： 18913字节, 比例：0.04%","XNS-IDP源地址：10.54.130.206, 目的地址：10.65.128.9; XNS-IDP源地址：10.54.128.206, 目的地址：10.65.128.9; XNS-IDP源地址：10.54.128.206, 目的地址：42.65.128.9; XNS-IDP源地址：10.62.128.206, 目的地址：6.65.32.1; XNS-IDP源地址：26.54.151.202, 目的地址：10.65.128.25; XNS-IDP源地址：74.54.130.142, 目的地址：42.65.128.9; XNS-IDP源地址：10.183.254.100, 目的地址：10.183.243.53; XNS-IDP源地址：10.183.252.100, 目的地址：10.183.242.53; XNS-IDP源地址：10.54.130.207, 目的地址：10.65.128.22; XNS-IDP源地址：10.54.130.206, 目的地址：10.65.128.33; XNS-IDP源地址：10.54.151.200, 目的地址：10.65.128.7; XNS-IDP源地址：10.54.128.220, 目的地址：10.65.128.9; XNS-IDP源地址：10.54.128.206, 目的地址：10.65.128.29; XNS-IDP源地址：10.54.151.202, 目的地址：10.65.128.29; XNS-IDP源地址：10.54.151.202, 目的地址：10.65.128.15; XNS-IDP源地址：10.54.149.202, 目的地址：10.65.128.9; XNS-IDP源地址：10.183.244.129, 目的地址：10.183.242.20; ",""
"第2个STS SPE(45M)","有效数据","AAL数量: 53982064字节, 比例: 16.44%","AAL5数量: 1697692字节, 比例: 3.14%","0000: 004F","(2013-8-5)TCP 数量：37322110字节, 比例：84.31%;  UDP 数量：2370811字节, 比例：5.36%; ICMP数量：587353字节, 比例：1.33%; 其他数量：3986268字节, 比例：9.01%","EMCON "," 数量： 14487字节, 比例：0.03%","EMCON源地址：10.54.129.206, 目的地址：10.65.128.9; EMCON源地址：10.183.254.100, 目的地址：10.183.242.53; EMCON源地址：10.54.128.206, 目的地址：10.65.128.9; EMCON源地址：10.183.254.100, 目的地址：8.183.242.59; EMCON源地址：10.54.129.206, 目的地址：138.65.128.9; EMCON源地址：10.54.151.202, 目的地址：10.81.128.17; EMCON源地址：10.54.129.207, 目的地址：10.65.128.22; EMCON源地址：10.36.149.202, 目的地址：10.65.128.89; EMCON源地址：10.54.151.202, 目的地址：10.97.128.21; EMCON源地址：10.54.128.220, 目的地址：10.65.128.25; EMCON源地址：2.54.128.206, 目的地址：10.64.128.29; EMCON源地址：10.183.244.137, 目的地址：10.183.242.20; EMCON源地址：10.183.255.100, 目的地址：10.183.242.53; EMCON源地址：10.1.1.111, 目的地址：10.4.26.2; ",""
"第2个STS SPE(45M)","有效数据","AAL数量: 53982064字节, 比例: 16.44%","AAL5数量: 1697692字节, 比例: 3.14%","0000: 004F","(2013-8-5)TCP 数量：37322110字节, 比例：84.31%;  UDP 数量：2370811字节, 比例：5.36%; ICMP数量：587353字节, 比例：1.33%; 其他数量：3986268字节, 比例：9.01%","IPinIP "," 数量： 14030字节, 比例：0.03%","IPinIP源地址：10.54.128.206, 目的地址：10.65.128.9; IPinIP源地址：10.54.128.142, 目的地址：10.97.128.29; IPinIP源地址：10.54.128.142, 目的地址：10.65.128.29; IPinIP源地址：138.54.128.142, 目的地址：8.65.128.9; IPinIP源地址：10.183.190.36, 目的地址：10.183.242.53; IPinIP源地址：42.183.254.100, 目的地址：10.179.242.53; IPinIP源地址：10.54.128.207, 目的地址：10.65.128.24; IPinIP源地址：10.54.151.202, 目的地址：10.65.128.27; IPinIP源地址：10.183.254.36, 目的地址：10.183.242.53; IPinIP源地址：10.54.128.142, 目的地址：10.65.128.9; IPinIP源地址：10.54.128.206, 目的地址：10.65.160.25; IPinIP源地址：10.183.240.235, 目的地址：10.183.242.72; IPinIP源地址：10.54.128.220, 目的地址：10.65.128.7; IPinIP源地址：10.54.151.138, 目的地址：10.65.128.7; IPinIP源地址：10.183.244.201, 目的地址：10.183.242.20; IPinIP源地址：8.54.128.206, 目的地址：10.65.192.9; ",""
"第2个STS SPE(45M)","有效数据","AAL数量: 53982064字节, 比例: 16.44%","AAL5数量: 1697692字节, 比例: 3.14%","0000: 004F","(2013-8-5)TCP 数量：37322110字节, 比例：84.31%;  UDP 数量：2370811字节, 比例：5.36%; ICMP数量：587353字节, 比例：1.33%; 其他数量：3986268字节, 比例：9.01%","IDPR-CMTP "," 数量： 13665字节, 比例：0.03%","IDPR-CMTP源地址：10.183.250.100, 目的地址：10.183.242.53; IDPR-CMTP源地址：10.54.132.206, 目的地址：10.65.128.9; IDPR-CMTP源地址：31.22.196.206, 目的地址：10.67.164.9; IDPR-CMTP源地址：10.54.134.206, 目的地址：10.65.128.9; IDPR-CMTP源地址：10.54.132.207, 目的地址：10.73.128.4; IDPR-CMTP源地址：10.54.192.220, 目的地址：26.65.128.15; IDPR-CMTP源地址：10.54.132.206, 目的地址：2.65.128.9; IDPR-CMTP源地址：10.54.132.207, 目的地址：10.65.128.22; IDPR-CMTP源地址：10.54.147.202, 目的地址：10.65.128.15; IDPR-CMTP源地址：10.54.132.206, 目的地址：10.65.128.13; IDPR-CMTP源地址：10.54.151.202, 目的地址：10.65.128.13; IDPR-CMTP源地址：10.54.128.207, 目的地址：10.65.128.4; IDPR-CMTP源地址：10.22.147.202, 目的地址：10.65.128.31; IDPR-CMTP源地址：10.183.254.100, 目的地址：10.183.242.59; IDPR-CMTP源地址：10.183.240.137, 目的地址：10.183.242.20; ",""
"第2个STS SPE(45M)","有效数据","AAL数量: 53982064字节, 比例: 16.44%","AAL5数量: 1697692字节, 比例: 3.14%","0000: 004F","(2013-8-5)TCP 数量：37322110字节, 比例：84.31%;  UDP 数量：2370811字节, 比例：5.36%; ICMP数量：587353字节, 比例：1.33%; 其他数量：3986268字节, 比例：9.01%","VISA "," 数量： 8558字节, 比例：0.02%","VISA源地址：10.54.159.230, 目的地址：10.65.128.29; VISA源地址：10.183.246.100, 目的地址：10.179.242.59; VISA源地址：10.54.136.207, 目的地址：10.65.128.22; VISA源地址：10.183.254.100, 目的地址：10.183.242.53; VISA源地址：10.54.151.202, 目的地址：10.65.128.7; VISA源地址：10.54.136.206, 目的地址：10.65.128.31; VISA源地址：74.52.136.206, 目的地址：10.65.128.29; VISA源地址：10.54.136.206, 目的地址：10.5.128.9; VISA源地址：10.54.136.206, 目的地址：10.67.128.29; VISA源地址：10.54.136.222, 目的地址：10.65.128.29; VISA源地址：10.54.151.202, 目的地址：10.65.128.15; VISA源地址：10.38.151.202, 目的地址：10.65.130.29; ",""
"第2个STS SPE(45M)","有效数据","AAL数量: 53982064字节, 比例: 16.44%","AAL5数量: 1697692字节, 比例: 3.14%","0000: 004F","(2013-8-5)TCP 数量：37322110字节, 比例：84.31%;  UDP 数量：2370811字节, 比例：5.36%; ICMP数量：587353字节, 比例：1.33%; 其他数量：3986268字节, 比例：9.01%","Reserved "," 数量： 7343字节, 比例：0.02%","Reserved源地址：10.54.128.206, 目的地址：10.65.128.29; Reserved源地址：10.247.238.100, 目的地址：10.183.242.53; Reserved源地址：10.54.144.206, 目的地址：10.65.144.9; Reserved源地址：10.54.151.202, 目的地址：10.65.128.27; Reserved源地址：2.38.135.202, 目的地址：10.192.130.25; Reserved源地址：10.54.144.206, 目的地址：10.81.128.15; Reserved源地址：10.54.151.202, 目的地址：10.65.128.31; Reserved源地址：10.54.144.207, 目的地址：10.65.128.22; Reserved源地址：10.54.144.206, 目的地址：42.65.128.33; Reserved源地址：8.5.17.111, 目的地址：10.4.26.2; ",""
"第2个STS SPE(45M)","有效数据","AAL数量: 53982064字节, 比例: 16.44%","AAL5数量: 1697692字节, 比例: 3.14%","0000: 004F","(2013-8-5)TCP 数量：37322110字节, 比例：84.31%;  UDP 数量：2370811字节, 比例：5.36%; ICMP数量：587353字节, 比例：1.33%; 其他数量：3986268字节, 比例：9.01%","VMTP "," 数量： 4703字节, 比例：0.01%","VMTP源地址：10.11.20.14, 目的地址：224.0.0.5; VMTP源地址：10.11.21.14, 目的地址：224.0.0.5; VMTP源地址：10.3.21.14, 目的地址：224.0.0.5; VMTP源地址：10.27.20.14, 目的地址：224.0.2.5; VMTP源地址：26.11.21.14, 目的地址：160.0.0.5; VMTP源地址：74.183.112.185, 目的地址：10.183.226.6; VMTP源地址：10.54.136.206, 目的地址：10.65.128.27; VMTP源地址：8.11.21.14, 目的地址：224.0.0.5; VMTP源地址：10.183.248.240, 目的地址：10.183.242.121; ",""
"第2个STS SPE(45M)","有效数据","AAL数量: 53982064字节, 比例: 16.44%","AAL5数量: 1697692字节, 比例: 3.14%","0000: 004F","(2013-8-5)TCP 数量：37322110字节, 比例：84.31%;  UDP 数量：2370811字节, 比例：5.36%; ICMP数量：587353字节, 比例：1.33%; 其他数量：3986268字节, 比例：9.01%","AX.25 "," 数量： 4068字节, 比例：0.01%","AX.25源地址：10.11.20.142, 目的地址：224.0.0.5; AX.25源地址：10.11.20.14, 目的地址：226.32.160.5; AX.25源地址：14.11.20.14, 目的地址：224.0.140.5; AX.25源地址：10.11.20.14, 目的地址：224.0.0.5; AX.25源地址：10.11.20.134, 目的地址：224.0.0.5; AX.25源地址：10.11.148.142, 目的地址：224.0.0.21; AX.25源地址：10.11.84.142, 目的地址：224.0.0.13; AX.25源地址：10.11.20.46, 目的地址：224.0.0.5; ",""
"第2个STS SPE(45M)","有效数据","AAL数量: 53982064字节, 比例: 16.44%","AAL5数量: 1697692字节, 比例: 3.14%","0000: 004F","(2013-8-5)TCP 数量：37322110字节, 比例：84.31%;  UDP 数量：2370811字节, 比例：5.36%; ICMP数量：587353字节, 比例：1.33%; 其他数量：3986268字节, 比例：9.01%","LEAF-1 "," 数量： 3933字节, 比例：0.01%","LEAF-1源地址：10.183.240.184, 目的地址：10.55.242.23; LEAF-1源地址：10.11.20.14, 目的地址：224.0.0.3; LEAF-1源地址：10.11.28.14, 目的地址：224.0.0.5; LEAF-1源地址：10.11.28.14, 目的地址：224.128.0.13; LEAF-1源地址：10.11.28.14, 目的地址：224.0.1.135; LEAF-1源地址：10.54.129.206, 目的地址：10.65.128.29; ",""
"第2个STS SPE(45M)","有效数据","AAL数量: 53982064字节, 比例: 16.44%","AAL5数量: 1697692字节, 比例: 3.14%","0000: 004F","(2013-8-5)TCP 数量：37322110字节, 比例：84.31%;  UDP 数量：2370811字节, 比例：5.36%; ICMP数量：587353字节, 比例：1.33%; 其他数量：3986268字节, 比例：9.01%","Reserved "," 数量： 3076字节, 比例：0.01%","Reserved源地址：10.11.20.14, 目的地址：224.0.0.5; Reserved源地址：10.10.20.14, 目的地址：224.0.0.5; Reserved源地址：10.11.16.14, 目的地址：224.0.0.5; ",""
"第2个STS SPE(45M)","有效数据","AAL数量: 53982064字节, 比例: 16.44%","AAL5数量: 1697692字节, 比例: 3.14%","0000: 004F","(2013-8-5)TCP 数量：37322110字节, 比例：84.31%;  UDP 数量：2370811字节, 比例：5.36%; ICMP数量：587353字节, 比例：1.33%; 其他数量：3986268字节, 比例：9.01%","Reserved "," 数量： 2876字节, 比例：0.01%","Reserved源地址：10.43.20.14, 目的地址：192.0.0.5; Reserved源地址：10.11.20.14, 目的地址：224.0.0.5; Reserved源地址：10.11.36.30, 目的地址：224.0.0.5; Reserved源地址：10.11.4.142, 目的地址：228.0.0.5; Reserved源地址：10.11.20.46, 目的地址：224.0.0.5; ",""
"第2个STS SPE(45M)","有效数据","AAL数量: 53982064字节, 比例: 16.44%","AAL5数量: 1697692字节, 比例: 3.14%","0000: 004F","(2013-8-5)TCP 数量：37322110字节, 比例：84.31%;  UDP 数量：2370811字节, 比例：5.36%; ICMP数量：587353字节, 比例：1.33%; 其他数量：3986268字节, 比例：9.01%","IGRP "," 数量： 2796字节, 比例：0.01%","IGRP源地址：10.11.20.14, 目的地址：224.0.0.5; IGRP源地址：10.11.20.46, 目的地址：224.0.0.5; IGRP源地址：2.10.20.30, 目的地址：224.0.0.37; IGRP源地址：42.11.20.46, 目的地址：192.4.0.5; ",""
"第2个STS SPE(45M)","有效数据","AAL数量: 53982064字节, 比例: 16.44%","AAL5数量: 1697692字节, 比例: 3.14%","0000: 004F","(2013-8-5)TCP 数量：37322110字节, 比例：84.31%;  UDP 数量：2370811字节, 比例：5.36%; ICMP数量：587353字节, 比例：1.33%; 其他数量：3986268字节, 比例：9.01%","LARP "," 数量： 2060字节, 比例：0.00%","LARP源地址：10.11.20.78, 目的地址：224.0.0.5; LARP源地址：10.10.20.14, 目的地址：224.0.0.37; LARP源地址：10.11.20.14, 目的地址：224.0.0.5; ",""
"第2个STS SPE(45M)","有效数据","AAL数量: 53982064字节, 比例: 16.44%","AAL5数量: 1697692字节, 比例: 3.14%","0000: 004F","(2013-8-5)TCP 数量：37322110字节, 比例：84.31%;  UDP 数量：2370811字节, 比例：5.36%; ICMP数量：587353字节, 比例：1.33%; 其他数量：3986268字节, 比例：9.01%","CPHB "," 数量： 1988字节, 比例：0.00%","CPHB源地址：10.11.22.14, 目的地址：224.0.0.5; CPHB源地址：10.11.22.14, 目的地址：224.2.0.5; ",""
"第2个STS SPE(45M)","有效数据","AAL数量: 53982064字节, 比例: 16.44%","AAL5数量: 1697692字节, 比例: 3.14%","0000: 004F","(2013-8-5)TCP 数量：37322110字节, 比例：84.31%;  UDP 数量：2370811字节, 比例：5.36%; ICMP数量：587353字节, 比例：1.33%; 其他数量：3986268字节, 比例：9.01%","BNA "," 数量： 1804字节, 比例：0.00%","BNA源地址：10.54.132.206, 目的地址：10.65.128.29; BNA源地址：10.183.248.184, 目的地址：138.183.242.23; BNA源地址：10.54.132.207, 目的地址：10.65.128.2; BNA源地址：10.54.132.206, 目的地址：10.65.128.25; ",""
"第2个STS SPE(45M)","有效数据","AAL数量: 53982064字节, 比例: 16.44%","AAL5数量: 1697692字节, 比例: 3.14%","0000: 004F","(2013-8-5)TCP 数量：37322110字节, 比例：84.31%;  UDP 数量：2370811字节, 比例：5.36%; ICMP数量：587353字节, 比例：1.33%; 其他数量：3986268字节, 比例：9.01%","DCN_MEAS "," 数量： 1743字节, 比例：0.00%","DCN_MEAS源地址：10.183.248.248, 目的地址：10.183.242.23; DCN_MEAS源地址：8.183.248.184, 目的地址：8.167.182.23; DCN_MEAS源地址：10.75.20.93, 目的地址：224.0.0.2; DCN_MEAS源地址：10.183.240.240, 目的地址：10.183.242.121; ",""
"第2个STS SPE(45M)","有效数据","AAL数量: 53982064字节, 比例: 16.44%","AAL5数量: 1697692字节, 比例: 3.14%","0000: 004F","(2013-8-5)TCP 数量：37322110字节, 比例：84.31%;  UDP 数量：2370811字节, 比例：5.36%; ICMP数量：587353字节, 比例：1.33%; 其他数量：3986268字节, 比例：9.01%","CHAOS "," 数量： 1677字节, 比例：0.00%","CHAOS源地址：10.54.128.238, 目的地址：10.65.128.27; CHAOS源地址：10.183.240.153, 目的地址：10.183.242.22; CHAOS源地址：10.11.20.15, 目的地址：224.0.0.2; CHAOS源地址：10.11.20.47, 目的地址：224.0.0.2; ",""
"第2个STS SPE(45M)","有效数据","AAL数量: 53982064字节, 比例: 16.44%","AAL5数量: 1697692字节, 比例: 3.14%","0000: 004F","(2013-8-5)TCP 数量：37322110字节, 比例：84.31%;  UDP 数量：2370811字节, 比例：5.36%; ICMP数量：587353字节, 比例：1.33%; 其他数量：3986268字节, 比例：9.01%","Reserved "," 数量： 1193字节, 比例：0.00%","Reserved源地址：10.54.144.206, 目的地址：10.65.128.23; Reserved源地址：10.183.248.184, 目的地址：10.191.210.23; Reserved源地址：10.54.16.206, 目的地址：10.65.128.21; ",""
"第2个STS SPE(45M)","有效数据","AAL数量: 53982064字节, 比例: 16.44%","AAL5数量: 1697692字节, 比例: 3.14%","0000: 004F","(2013-8-5)TCP 数量：37322110字节, 比例：84.31%;  UDP 数量：2370811字节, 比例：5.36%; ICMP数量：587353字节, 比例：1.33%; 其他数量：3986268字节, 比例：9.01%","BBN-RRC-MON "," 数量： 392字节, 比例：0.00%","BBN-RRC-MON源地址：42.54.128.206, 目的地址：10.65.128.29; ",""
"第2个STS SPE(45M)","有效数据","AAL数量: 53982064字节, 比例: 16.44%","AAL5数量: 1697692字节, 比例: 3.14%","0000: 004F","(2013-8-5)TCP 数量：37322110字节, 比例：84.31%;  UDP 数量：2370811字节, 比例：5.36%; ICMP数量：587353字节, 比例：1.33%; 其他数量：3986268字节, 比例：9.01%","Reserved "," 数量： 392字节, 比例：0.00%","Reserved源地址：10.54.152.206, 目的地址：10.65.128.9; ",""
"第2个STS SPE(45M)","有效数据","AAL数量: 53982064字节, 比例: 16.44%","AAL5数量: 1697692字节, 比例: 3.14%","0000: 004F","(2013-8-5)TCP 数量：37322110字节, 比例：84.31%;  UDP 数量：2370811字节, 比例：5.36%; ICMP数量：587353字节, 比例：1.33%; 其他数量：3986268字节, 比例：9.01%","Reserved "," 数量： 378字节, 比例：0.00%","Reserved源地址：65.128.21.1, 目的地址：189.5.254.204; ",""
"第2个STS SPE(45M)","有效数据","AAL数量: 53982064字节, 比例: 16.44%","AAL5数量: 1697692字节, 比例: 3.14%","0000: 004F","(2013-8-5)TCP 数量：37322110字节, 比例：84.31%;  UDP 数量：2370811字节, 比例：5.36%; ICMP数量：587353字节, 比例：1.33%; 其他数量：3986268字节, 比例：9.01%","SWIPE "," 数量： 356字节, 比例：0.00%","SWIPE源地址：10.54.128.198, 目的地址：10.65.0.17; ",""
"第2个STS SPE(45M)","有效数据","AAL数量: 53982064字节, 比例: 16.44%","AAL5数量: 1697692字节, 比例: 3.14%","0000: 004F","(2013-8-5)TCP 数量：37322110字节, 比例：84.31%;  UDP 数量：2370811字节, 比例：5.36%; ICMP数量：587353字节, 比例：1.33%; 其他数量：3986268字节, 比例：9.01%","CPNX "," 数量： 320字节, 比例：0.00%","CPNX源地址：10.11.22.42, 目的地址：224.0.0.5; ",""
"第2个STS SPE(45M)","有效数据","AAL数量: 53982064字节, 比例: 16.44%","AAL5数量: 1697692字节, 比例: 3.14%","0000: 004F","(2013-8-5)TCP 数量：37322110字节, 比例：84.31%;  UDP 数量：2370811字节, 比例：5.36%; ICMP数量：587353字节, 比例：1.33%; 其他数量：3986268字节, 比例：9.01%","Reserved "," 数量： 320字节, 比例：0.00%","Reserved源地址：10.11.20.14, 目的地址：224.0.0.5; ",""
"第2个STS SPE(45M)","有效数据","AAL数量: 53982064字节, 比例: 16.44%","AAL5数量: 1697692字节, 比例: 3.14%","0000: 004F","(2013-8-5)TCP 数量：37322110字节, 比例：84.31%;  UDP 数量：2370811字节, 比例：5.36%; ICMP数量：587353字节, 比例：1.33%; 其他数量：3986268字节, 比例：9.01%","NHRP "," 数量： 320字节, 比例：0.00%","NHRP源地址：10.65.192.9, 目的地址：4.1.6.232; ",""
"第2个STS SPE(45M)","有效数据","AAL数量: 53982064字节, 比例: 16.44%","AAL5数量: 1697692字节, 比例: 3.14%","0000: 004F","(2013-8-5)TCP 数量：37322110字节, 比例：84.31%;  UDP 数量：2370811字节, 比例：5.36%; ICMP数量：587353字节, 比例：1.33%; 其他数量：3986268字节, 比例：9.01%","Reserved "," 数量： 317字节, 比例：0.00%","Reserved源地址：10.183.252.240, 目的地址：10.183.242.121; ",""
"第2个STS SPE(45M)","有效数据","AAL数量: 53982064字节, 比例: 16.44%","AAL5数量: 1697692字节, 比例: 3.14%","0000: 004F","(2013-8-5)TCP 数量：37322110字节, 比例：84.31%;  UDP 数量：2370811字节, 比例：5.36%; ICMP数量：587353字节, 比例：1.33%; 其他数量：3986268字节, 比例：9.01%","PRM "," 数量： 308字节, 比例：0.00%","PRM源地址：10.54.128.206, 目的地址：10.65.128.25; ",""
"第2个STS SPE(45M)","有效数据","AAL数量: 53982064字节, 比例: 16.44%","AAL5数量: 1697692字节, 比例: 3.14%","0000: 004F","(2013-8-5)TCP 数量：37322110字节, 比例：84.31%;  UDP 数量：2370811字节, 比例：5.36%; ICMP数量：587353字节, 比例：1.33%; 其他数量：3986268字节, 比例：9.01%","SEP "," 数量： 305字节, 比例：0.00%","SEP源地址：10.183.240.240, 目的地址：10.183.242.121; ",""
"第2个STS SPE(45M)","有效数据","AAL数量: 53982064字节, 比例: 16.44%","AAL5数量: 1697692字节, 比例: 3.14%","0000: 004F","(2013-8-5)TCP 数量：37322110字节, 比例：84.31%;  UDP 数量：2370811字节, 比例：5.36%; ICMP数量：587353字节, 比例：1.33%; 其他数量：3986268字节, 比例：9.01%","Reserved "," 数量： 304字节, 比例：0.00%","Reserved源地址：10.183.240.208, 目的地址：10.183.242.121; ",""
"第2个STS SPE(45M)","有效数据","AAL数量: 53982064字节, 比例: 16.44%","AAL5数量: 1697692字节, 比例: 3.14%","0000: 004F","(2013-8-5)TCP 数量：37322110字节, 比例：84.31%;  UDP 数量：2370811字节, 比例：5.36%; ICMP数量：587353字节, 比例：1.33%; 其他数量：3986268字节, 比例：9.01%","ST "," 数量： 304字节, 比例：0.00%","ST源地址：10.183.240.240, 目的地址：10.183.242.121; ",""
"第2个STS SPE(45M)","有效数据","AAL数量: 53982064字节, 比例: 16.44%","AAL5数量: 1697692字节, 比例: 3.14%","0000: 004F","(2013-8-5)TCP 数量：37322110字节, 比例：84.31%;  UDP 数量：2370811字节, 比例：5.36%; ICMP数量：587353字节, 比例：1.33%; 其他数量：3986268字节, 比例：9.01%","Reserved "," 数量： 304字节, 比例：0.00%","Reserved源地址：10.54.128.207, 目的地址：10.65.128.4; ",""
"第2个STS SPE(45M)","有效数据","AAL数量: 53982064字节, 比例: 16.44%","AAL5数量: 1697692字节, 比例: 3.14%","0000: 004F","(2013-8-5)TCP 数量：37322110字节, 比例：84.31%;  UDP 数量：2370811字节, 比例：5.36%; ICMP数量：587353字节, 比例：1.33%; 其他数量：3986268字节, 比例：9.01%","Reserved "," 数量： 292字节, 比例：0.00%","Reserved源地址：10.118.151.74, 目的地址：10.65.128.31; ",""
"第2个STS SPE(45M)","有效数据","AAL数量: 53982064字节, 比例: 16.44%","AAL5数量: 1697692字节, 比例: 3.14%","0000: 004F","(2013-8-5)TCP 数量：37322110字节, 比例：84.31%;  UDP 数量：2370811字节, 比例：5.36%; ICMP数量：587353字节, 比例：1.33%; 其他数量：3986268字节, 比例：9.01%","Reserved "," 数量： 290字节, 比例：0.00%","Reserved源地址：10.54.132.206, 目的地址：10.65.128.21; ",""
"第2个STS SPE(45M)","有效数据","AAL数量: 53982064字节, 比例: 16.44%","AAL5数量: 1697692字节, 比例: 3.14%","0000: 004F","(2013-8-5)TCP 数量：37322110字节, 比例：84.31%;  UDP 数量：2370811字节, 比例：5.36%; ICMP数量：587353字节, 比例：1.33%; 其他数量：3986268字节, 比例：9.01%","GGP "," 数量： 288字节, 比例：0.00%","GGP源地址：10.183.240.240, 目的地址：74.183.242.121; ",""
"第2个STS SPE(45M)","有效数据","AAL数量: 53982064字节, 比例: 16.44%","AAL5数量: 1697692字节, 比例: 3.14%","0000: 004F","(2013-8-5)TCP 数量：37322110字节, 比例：84.31%;  UDP 数量：2370811字节, 比例：5.36%; ICMP数量：587353字节, 比例：1.33%; 其他数量：3986268字节, 比例：9.01%","NETBLT "," 数量： 288字节, 比例：0.00%","NETBLT源地址：10.54.151.202, 目的地址：10.65.128.15; ",""
"第2个STS SPE(45M)","有效数据","AAL数量: 53982064字节, 比例: 16.44%","AAL5数量: 1697692字节, 比例: 3.14%","0000: 004F","(2013-8-5)TCP 数量：100691468字节, 比例：63.49%;  UDP 数量：55906950字节, 比例：35.25%; ICMP数量：1311345字节, 比例：0.83%; 其他数量：681872字节, 比例：0.43%","Reserved "," 数量： 666字节, 比例：0.00%","Reserved源地址：10.183.224.184, 目的地址：10.183.242.22; Reserved源地址：10.11.4.142, 目的地址：224.0.0.2; ",""
"第2个STS SPE(45M)","有效数据","AAL数量: 53982064字节, 比例: 16.44%","AAL5数量: 1697692字节, 比例: 3.14%","0000: 004F","(2013-8-5)TCP 数量：100691468字节, 比例：63.49%;  UDP 数量：55906950字节, 比例：35.25%; ICMP数量：1311345字节, 比例：0.83%; 其他数量：681872字节, 比例：0.43%","IGP "," 数量： 606字节, 比例：0.00%","IGP源地址：10.183.240.240, 目的地址：10.183.242.122; IGP源地址：2.11.85.14, 目的地址：224.0.0.2; ",""
"第2个STS SPE(45M)","有效数据","AAL数量: 53982064字节, 比例: 16.44%","AAL5数量: 1697692字节, 比例: 3.14%","0000: 004F","(2013-8-5)TCP 数量：100691468字节, 比例：63.49%;  UDP 数量：55906950字节, 比例：35.25%; ICMP数量：1311345字节, 比例：0.83%; 其他数量：681872字节, 比例：0.43%","BBN-RRC-MON "," 数量： 603字节, 比例：0.00%","BBN-RRC-MON源地址：190.10.4.26, 目的地址：2.210.1.0; BBN-RRC-MON源地址：10.54.151.202, 目的地址：11.65.128.26; ",""
"第2个STS SPE(45M)","有效数据","AAL数量: 53982064字节, 比例: 16.44%","AAL5数量: 1697692字节, 比例: 3.14%","0000: 004F","(2013-8-5)TCP 数量：100691468字节, 比例：63.49%;  UDP 数量：55906950字节, 比例：35.25%; ICMP数量：1311345字节, 比例：0.83%; 其他数量：681872字节, 比例：0.43%","SAT-MON "," 数量： 447字节, 比例：0.00%","SAT-MON源地址：179.111.22.64, 目的地址：0.125.6.120; ",""
"第2个STS SPE(45M)","有效数据","AAL数量: 53982064字节, 比例: 16.44%","AAL5数量: 1697692字节, 比例: 3.14%","0000: 004F","(2013-8-5)TCP 数量：100691468字节, 比例：63.49%;  UDP 数量：55906950字节, 比例：35.25%; ICMP数量：1311345字节, 比例：0.83%; 其他数量：681872字节, 比例：0.43%","LARP "," 数量： 420字节, 比例：0.00%","LARP源地址：10.11.20.11, 目的地址：224.0.0.5; ",""
"第2个STS SPE(45M)","有效数据","AAL数量: 53982064字节, 比例: 16.44%","AAL5数量: 1697692字节, 比例: 3.14%","0000: 004F","(2013-8-5)TCP 数量：100691468字节, 比例：63.49%;  UDP 数量：55906950字节, 比例：35.25%; ICMP数量：1311345字节, 比例：0.83%; 其他数量：681872字节, 比例：0.43%","Reserved "," 数量： 412字节, 比例：0.00%","Reserved源地址：24.151.74.43, 目的地址：190.249.77.97; ",""
"第2个STS SPE(45M)","有效数据","AAL数量: 53982064字节, 比例: 16.44%","AAL5数量: 1697692字节, 比例: 3.14%","0000: 004F","(2013-8-5)TCP 数量：100691468字节, 比例：63.49%;  UDP 数量：55906950字节, 比例：35.25%; ICMP数量：1311345字节, 比例：0.83%; 其他数量：681872字节, 比例：0.43%","Reserved "," 数量： 408字节, 比例：0.00%","Reserved源地址：10.54.16.255, 目的地址：10.65.128.17; ",""
"第2个STS SPE(45M)","有效数据","AAL数量: 53982064字节, 比例: 16.44%","AAL5数量: 1697692字节, 比例: 3.14%","0000: 004F","(2013-8-5)TCP 数量：100691468字节, 比例：63.49%;  UDP 数量：55906950字节, 比例：35.25%; ICMP数量：1311345字节, 比例：0.83%; 其他数量：681872字节, 比例：0.43%","NHRP "," 数量： 393字节, 比例：0.00%","NHRP源地址：10.54.128.207, 目的地址：10.65.128.27; ",""
"第2个STS SPE(45M)","有效数据","AAL数量: 53982064字节, 比例: 16.44%","AAL5数量: 1697692字节, 比例: 3.14%","0000: 004F","(2013-8-5)TCP 数量：100691468字节, 比例：63.49%;  UDP 数量：55906950字节, 比例：35.25%; ICMP数量：1311345字节, 比例：0.83%; 其他数量：681872字节, 比例：0.43%","NSFNET-IGP "," 数量： 366字节, 比例：0.00%","NSFNET-IGP源地址：26.191.240.184, 目的地址：10.183.243.22; ",""
"第2个STS SPE(45M)","有效数据","AAL数量: 53982064字节, 比例: 16.44%","AAL5数量: 1697692字节, 比例: 3.14%","0000: 004F","(2013-8-5)TCP 数量：100691468字节, 比例：63.49%;  UDP 数量：55906950字节, 比例：35.25%; ICMP数量：1311345字节, 比例：0.83%; 其他数量：681872字节, 比例：0.43%","Reserved "," 数量： 365字节, 比例：0.00%","Reserved源地址：10.183.240.184, 目的地址：10.183.240.22; ",""
"第2个STS SPE(45M)","有效数据","AAL数量: 53982064字节, 比例: 16.44%","AAL5数量: 1697692字节, 比例: 3.14%","0000: 004F","(2013-8-5)TCP 数量：100691468字节, 比例：63.49%;  UDP 数量：55906950字节, 比例：35.25%; ICMP数量：1311345字节, 比例：0.83%; 其他数量：681872字节, 比例：0.43%","TRUNK-2 "," 数量： 364字节, 比例：0.00%","TRUNK-2源地址：10.183.241.184, 目的地址：10.183.242.18; ",""
"第2个STS SPE(45M)","有效数据","AAL数量: 53982064字节, 比例: 16.44%","AAL5数量: 1697692字节, 比例: 3.14%","0000: 004F","(2013-8-5)TCP 数量：100691468字节, 比例：63.49%;  UDP 数量：55906950字节, 比例：35.25%; ICMP数量：1311345字节, 比例：0.83%; 其他数量：681872字节, 比例：0.43%","KPYPTOLAN "," 数量： 364字节, 比例：0.00%","KPYPTOLAN源地址：10.183.250.184, 目的地址：10.183.242.22; ",""
"第2个STS SPE(45M)","有效数据","AAL数量: 53982064字节, 比例: 16.44%","AAL5数量: 1697692字节, 比例: 3.14%","0000: 004F","(2013-8-5)TCP 数量：100691468字节, 比例：63.49%;  UDP 数量：55906950字节, 比例：35.25%; ICMP数量：1311345字节, 比例：0.83%; 其他数量：681872字节, 比例：0.43%","ETHERIP "," 数量： 364字节, 比例：0.00%","ETHERIP源地址：8.183.252.176, 目的地址：10.183.178.22; ",""
"第2个STS SPE(45M)","有效数据","AAL数量: 53982064字节, 比例: 16.44%","AAL5数量: 1697692字节, 比例: 3.14%","0000: 004F","(2013-8-5)TCP 数量：100691468字节, 比例：63.49%;  UDP 数量：55906950字节, 比例：35.25%; ICMP数量：1311345字节, 比例：0.83%; 其他数量：681872字节, 比例：0.43%","Reserved "," 数量： 364字节, 比例：0.00%","Reserved源地址：2.167.228.184, 目的地址：10.182.240.22; ",""
"第2个STS SPE(45M)","有效数据","AAL数量: 53982064字节, 比例: 16.44%","AAL5数量: 1697692字节, 比例: 3.14%","0000: 004F","(2013-8-5)TCP 数量：100691468字节, 比例：63.49%;  UDP 数量：55906950字节, 比例：35.25%; ICMP数量：1311345字节, 比例：0.83%; 其他数量：681872字节, 比例：0.43%","ISO-IP "," 数量： 311字节, 比例：0.00%","ISO-IP源地址：10.183.248.152, 目的地址：10.183.242.22; ",""
"第2个STS SPE(45M)","有效数据","AAL数量: 53982064字节, 比例: 16.44%","AAL5数量: 1697692字节, 比例: 3.14%","0000: 004F","(2013-8-5)TCP 数量：100691468字节, 比例：63.49%;  UDP 数量：55906950字节, 比例：35.25%; ICMP数量：1311345字节, 比例：0.83%; 其他数量：681872字节, 比例：0.43%","TP++ "," 数量： 308字节, 比例：0.00%","TP++源地址：10.151.254.100, 目的地址：10.183.246.10; ",""
"第2个STS SPE(45M)","有效数据","AAL数量: 53982064字节, 比例: 16.44%","AAL5数量: 1697692字节, 比例: 3.14%","0000: 004F","(2013-8-5)TCP 数量：100691468字节, 比例：63.49%;  UDP 数量：55906950字节, 比例：35.25%; ICMP数量：1311345字节, 比例：0.83%; 其他数量：681872字节, 比例：0.43%","Reserved "," 数量： 302字节, 比例：0.00%","Reserved源地址：10.11.4.14, 目的地址：224.0.0.2; ",""
"第2个STS SPE(45M)","有效数据","AAL数量: 53982064字节, 比例: 16.44%","AAL5数量: 1697692字节, 比例: 3.14%","0000: 004F","(2013-8-5)TCP 数量：100691468字节, 比例：63.49%;  UDP 数量：55906950字节, 比例：35.25%; ICMP数量：1311345字节, 比例：0.83%; 其他数量：681872字节, 比例：0.43%","EGP "," 数量： 300字节, 比例：0.00%","EGP源地址：10.183.255.2, 目的地址：10.183.242.102; ",""
"第2个STS SPE(45M)","有效数据","AAL数量: 53982064字节, 比例: 16.44%","AAL5数量: 1697692字节, 比例: 3.14%","0000: 004F","(2013-8-5)TCP 数量：100691468字节, 比例：63.49%;  UDP 数量：55906950字节, 比例：35.25%; ICMP数量：1311345字节, 比例：0.83%; 其他数量：681872字节, 比例：0.43%","Reserved "," 数量： 300字节, 比例：0.00%","Reserved源地址：10.54.128.207, 目的地址：10.65.128.29; ",""
"第2个STS SPE(45M)","有效数据","AAL数量: 53982064字节, 比例: 16.44%","AAL5数量: 1697692字节, 比例: 3.14%","0000: 004F","(2013-8-5)TCP 数量：100691468字节, 比例：63.49%;  UDP 数量：55906950字节, 比例：35.25%; ICMP数量：1311345字节, 比例：0.83%; 其他数量：681872字节, 比例：0.43%","Reserved "," 数量： 298字节, 比例：0.00%","Reserved源地址：2.24.218.159, 目的地址：182.0.5.27; ",""
"第2个STS SPE(45M)","有效数据","AAL数量: 53982064字节, 比例: 16.44%","AAL5数量: 1697692字节, 比例: 3.14%","0000: 004F","(2013-8-5)TCP 数量：100691468字节, 比例：63.49%;  UDP 数量：55906950字节, 比例：35.25%; ICMP数量：1311345字节, 比例：0.83%; 其他数量：681872字节, 比例：0.43%","Reserved "," 数量： 298字节, 比例：0.00%","Reserved源地址：2.0.255.6, 目的地址：127.24.10.6; ",""
"第2个STS SPE(45M)","空信元","空信元数量: 273823971字节, 比例: 83.40%","","","","","","",""
"第2个STS SPE(45M)","无效数据","其他元数量: 517884字节, 比例: 0.16%","","","","","","",""
